title,decision,last_edit,draft_no,cites,words,file
"Master Portfolio: Interdisciplinary Projects in Physics, Computation, and Semant",KEEP by draft number,2025-09-06 23:55,4,26,5470,gamma-waves/monograph/draft-04/monograph.tex
"Master Portfolio: Interdisciplinary Projects in Physics, Computation, and Semant",drop,2025-09-06 23:55,3,0,3749,gamma-waves/monograph/draft-03/monograph.tex
"Master Portfolio: Interdisciplinary Projects in Physics, Computation, and Semant",drop,2025-09-06 23:55,2,0,3462,gamma-waves/monograph/draft-02/monograph.tex
"Master Portfolio: Interdisciplinary Projects in Physics, Computation, and Semant",drop,2025-09-06 23:55,1,0,3562,gamma-waves/monograph/draft-01/monograph.tex
"Master Portfolio: Interdisciplinary Projects in Physics, Computation, and Semant",drop,2025-09-06 23:55,,25,6568,gamma-waves/monograph/monograph.tex
"Roads Not Taken: Encoding Ratchets in Cinema, Computation, and Cosmology",KEEP by date,2025-08-23 20:35,1,20,11086,kitbash/cosmology/essay/draft-01/essay.tex
"Roads Not Taken: Encoding Ratchets in Cinema, Computation, and Cosmology",drop,2025-08-23 14:45,,80,1558,kitbash/cosmology/essay/essay.tex
"Scalar Extraction in Platform Capitalism: A Field-Theoretic, Economic, and Algor",KEEP by draft number,2025-11-12 06:17,2,0,1651,alphabet/economics/Scalar-Extraction-v02.tex
"Scalar Extraction in Platform Capitalism: A Field-Theoretic, Economic, and Algor",drop,2025-11-12 06:17,,0,1769,alphabet/Scalar-Extraction.tex
Reflexive Field Dynamics: A Lagrangian Theory of Mind,"KEEP by development, CHECK",2025-10-21 22:30,,24,4524,library/physics/monograph/essay.tex
Reflexive Field Dynamics: A Lagrangian Theory of Mind,drop,2025-10-21 22:30,2,20,2223,library/physics/monograph/draft-02/essay.tex
Reflexive Field Dynamics: A Lagrangian Theory of Mind,drop,2025-10-21 22:30,1,16,2129,library/physics/monograph/draft-01/essay.tex
The RSVP Treatise: Semantic Infrastructure and Modular Computation in an Entropy,KEEP by draft number,2025-09-09 00:44,2,331,7635,gamma-waves/essay/processing/draft-02/essay.tex
The RSVP Treatise: Semantic Infrastructure and Modular Computation in an Entropy,drop,2025-09-09 00:44,1,358,6696,gamma-waves/essay/processing/draft-01/essay.tex
The RSVP Treatise: Semantic Infrastructure and Modular Computation in an Entropy,drop,2025-09-09 00:44,3,481,6794,gamma-waves/essay/RSVP_Monograph_Complete_Parts_I_IV (3).tex
The RSVP Treatise: Semantic Infrastructure and Modular Computation in an Entropy,drop,2025-09-09 00:44,2,231,3532,gamma-waves/essay/RSVP_Monograph_Complete_Parts_I_IV (2).tex
The RSVP Treatise: Semantic Infrastructure and Modular Computation in an Entropy,drop,2025-09-09 00:44,1,458,6773,gamma-waves/essay/RSVP_Monograph_Complete_Parts_I_IV (1).tex
The RSVP Treatise: Semantic Infrastructure and Modular Computation in an Entropy,drop,2025-09-09 00:44,1,128,1821,gamma-waves/essay/RSVP_Monograph_Complete_Parts_I_II (1).tex
The RSVP Treatise: Semantic Infrastructure and Modular Computation in an Entropy,drop,2025-09-09 00:44,,332,7633,gamma-waves/essay/processing/essay.tex
The RSVP Treatise: Semantic Infrastructure and Modular Computation in an Entropy,drop,2025-09-09 00:44,,186,2896,gamma-waves/essay/RSVP_Monograph_Complete_Parts_I_III.tex
The RSVP Treatise: Semantic Infrastructure and Modular Computation in an Entropy,drop,2025-09-09 00:44,,105,1593,gamma-waves/essay/RSVP_Monograph_Complete_Parts_I_II.tex
Never Predict Noise: Manifold-Aligned Prediction as Generative Inference,KEEP by date,2026-05-16 01:24,,21,18595,alphabet/Never-Predict-Noise.tex
Never Predict Noise: Manifold-Aligned Prediction as Generative Inference,drop,2025-11-24 12:27,2,24,5341,alphabet/Never-Predict-Noise-draft-02.tex
Never Predict Noise: Manifold-Aligned Prediction as Generative Inference,drop,2025-11-24 12:27,1,12,1703,alphabet/Never-Predict-Noise-draft-01.tex
Entropy-Bounded Sparse Semantic Calculus (EBSSC) A Unified Syntax and Semantics ,"KEEP by development, CHECK",2025-11-10 22:04,1,111,11012,research-projects/semantic-calculus/EBSSC-draft-01.tex
Entropy-Bounded Sparse Semantic Calculus (EBSSC) A Unified Syntax and Semantics ,drop,2025-11-10 22:04,2,16,1672,research-projects/semantic-calculus/EBSSC-draft-02.tex
User Friendliness as an Ecological Danger: The Predatory Enshittification of Dig,KEEP by draft number,2025-08-31 16:28,9,135,6868,library/monograph/draft-09/monograph.tex
User Friendliness as an Ecological Danger: The Predatory Enshittification of Dig,drop,2025-08-31 16:28,7,123,6035,library/monograph/draft-07/monograph.tex
User Friendliness as an Ecological Danger: The Predatory Enshittification of Dig,drop,2025-08-31 16:28,6,111,6763,library/monograph/draft-06/monograph.tex
User Friendliness as an Ecological Danger: The Predatory Enshittification of Dig,drop,2025-08-31 16:28,5,123,4493,library/monograph/draft-05/monograph.tex
User Friendliness as an Ecological Danger: The Predatory Enshittification of Dig,drop,2025-08-31 16:28,4,115,3937,library/monograph/draft-04/monograph.tex
User Friendliness as an Ecological Danger: The Predatory Enshittification of Dig,drop,2025-08-31 16:28,3,103,3376,library/monograph/draft-03/monograph.tex
User Friendliness as an Ecological Danger: The Predatory Enshittification of Dig,drop,2025-08-31 16:28,2,100,5762,library/monograph/draft-02/monograph.tex
User Friendliness as an Ecological Danger: The Predatory Enshittification of Dig,drop,2025-08-31 16:28,1,100,5787,library/monograph/draft-01/monograph.tex
The Moon Should Not Be a Computer,KEEP by date,2026-04-06 18:25,,102,11253,computation/moon-not-computer.tex
The Moon Should Not Be a Computer,drop,2025-09-29 22:55,,95,3476,kitbash/sandbox/essay/essay.tex
"Constraint, Continuity, and Cognitive Structure: A Unified Framework Linking Aut",KEEP by date,2026-06-28 01:14,,73,6006,alphabet/document/autoregression.tex
"Constraint, Continuity, and Cognitive Structure: A Unified Framework Linking Aut",drop,2025-08-12 10:42,,209,1567,alphabet/document/draft/autoregression.tex
The Ecology of Neoteny - draft 03.tex,KEEP by draft number,2026-02-25 00:07,3,93,10123,alphabet/The Ecology of Neoteny - draft 03.tex
The Ecology of Neoteny - draft 03.tex,drop,2026-02-25 00:07,2,37,4772,alphabet/The Ecology of Neoteny - draft 02.tex
The Ecology of Neoteny - draft 03.tex,drop,2026-02-25 00:07,,37,5568,alphabet/The Ecology of Neoteny.tex
"A Categorical and Bioeconomic Framework for Useful Computation as Heat, Semantic",KEEP by draft number,2025-08-16 01:14,3,28,1851,kitbash/research/essay/draft-03/thermal-infrastructure.tex
"A Categorical and Bioeconomic Framework for Useful Computation as Heat, Semantic",drop,2025-08-16 01:14,1,28,1930,kitbash/research/essay/draft-01/thermal-infrastructure.tex
"A Categorical and Bioeconomic Framework for Useful Computation as Heat, Semantic",drop,2025-08-16 01:14,,28,1002,kitbash/research/essay/thermal-infrastructure.tex
Takeoff Trajectories in the Stars! RSVP Tech Tree Simulator: Implications for AI,KEEP by draft number,2025-11-06 02:48,4,2,8915,research-projects/monograph/draft-04.tex
Takeoff Trajectories in the Stars! RSVP Tech Tree Simulator: Implications for AI,drop,2025-11-06 02:48,3,2,3361,research-projects/monograph/draft-03.tex
Takeoff Trajectories in the Stars! RSVP Tech Tree Simulator: Implications for AI,drop,2025-11-06 02:48,2,2,3349,research-projects/monograph/draft-02.tex
Takeoff Trajectories in the Stars! RSVP Tech Tree Simulator: Implications for AI,drop,2025-11-06 02:48,1,33,2784,research-projects/monograph/draft-01.tex
RSVP Study Guide: A Comprehensive Framework for Relativistic Scalar Vector Plenu,KEEP by draft number,2025-08-26 01:27,1,202,4879,kitbash/physics/working/draft-01/RSVP_Study_Guide.tex
RSVP Study Guide: A Comprehensive Framework for Relativistic Scalar Vector Plenu,drop,2025-08-26 01:27,3,208,4879,kitbash/physics/RSVP_Study_Guide (3).tex
RSVP Study Guide: A Comprehensive Framework for Relativistic Scalar Vector Plenu,drop,2025-08-26 01:27,2,197,4880,kitbash/physics/RSVP_Study_Guide (2).tex
RSVP Study Guide: A Comprehensive Framework for Relativistic Scalar Vector Plenu,drop,2025-08-26 01:27,1,156,2457,kitbash/physics/RSVP_Study_Guide (1).tex
RSVP Study Guide: A Comprehensive Framework for Relativistic Scalar Vector Plenu,drop,2025-08-26 01:27,,199,10074,kitbash/physics/working/RSVP_Study_Guide.tex
RSVP Study Guide: A Comprehensive Framework for Relativistic Scalar Vector Plenu,drop,2025-08-26 01:27,,60,6215,kitbash/physics/working/RSVP_Study_Guide - incomplete.tex
From Sets to Parts: Operational Mereology via Event--Sourced Semantics,KEEP by date,2025-12-13 14:08,,0,6284,spherepop/Operational-Mereology.tex
From Sets to Parts: Operational Mereology via Event--Sourced Semantics,drop,2025-12-13 12:56,,0,4826,spherepop/prototypes/Operational-Mereology.tex
From RSVP Fields to Mechanistic Self-Aware Machines,KEEP by draft number,2025-09-06 02:21,5,112,1958,gamma-waves/projects/draft-05/essay.tex
From RSVP Fields to Mechanistic Self-Aware Machines,drop,2025-09-06 02:21,4,111,1946,gamma-waves/projects/draft-04/essay.tex
From RSVP Fields to Mechanistic Self-Aware Machines,drop,2025-09-06 02:21,3,111,1919,gamma-waves/projects/draft-03/essay.tex
From RSVP Fields to Mechanistic Self-Aware Machines,drop,2025-09-06 02:21,2,56,1478,gamma-waves/projects/draft-02/essay.tex
From RSVP Fields to Mechanistic Self-Aware Machines,drop,2025-09-06 02:21,1,0,1125,gamma-waves/projects/draft-01/essay.tex
From RSVP Fields to Mechanistic Self-Aware Machines,drop,2025-09-06 02:21,,113,2262,gamma-waves/projects/essay.tex
The Geometry of Spherepop 0.4em A Recursive Geometry of Coherence in the RSVP Fr,KEEP by date,2025-10-25 19:19,,0,7655,spherepop/processing/geometry/monograph.tex
The Geometry of Spherepop 0.4em A Recursive Geometry of Coherence in the RSVP Fr,drop,2025-10-25 19:19,,0,1699,spherepop/processing/monograph.tex
The Fall of Space: Entropic Relaxation and Structure Without Expansion in a Scal,KEEP by draft number,2025-08-16 01:14,6,13,2765,kitbash/research/math/draft-06/entropic-gravity.tex
The Fall of Space: Entropic Relaxation and Structure Without Expansion in a Scal,drop,2025-08-16 01:14,5,13,3449,kitbash/research/math/draft-05/entropic-gravity.tex
The Fall of Space: Entropic Relaxation and Structure Without Expansion in a Scal,drop,2025-08-16 01:14,4,8,2689,kitbash/research/math/draft-04/entropic-gravity.tex
The Fall of Space: Entropic Relaxation and Structure Without Expansion in a Scal,drop,2025-08-16 01:14,3,12,1208,kitbash/research/math/draft-03/entropic-gravity.tex
The Fall of Space: Entropic Relaxation and Structure Without Expansion in a Scal,drop,2025-08-16 01:14,2,5,1392,kitbash/research/math/draft-02/entropic-gravity.tex
The Fall of Space: Entropic Relaxation and Structure Without Expansion in a Scal,drop,2025-08-16 01:14,1,6,823,kitbash/research/math/draft-01/entropic-gravity.tex
The Fall of Space: Entropic Relaxation and Structure Without Expansion in a Scal,drop,2025-08-16 01:14,,13,2742,kitbash/research/math/entropic-gravity.tex
Mind at Work: Detecting Agency through Assembly and Action,KEEP by draft number,2025-09-11 01:31,3,282,12229,alphabet/essay/draft-03/monograph.tex
Mind at Work: Detecting Agency through Assembly and Action,drop,2025-09-11 01:31,2,46,4604,alphabet/essay/draft-02/monograph.tex
Mind at Work: Detecting Agency through Assembly and Action,drop,2025-09-11 01:31,2,46,4604,alphabet/essay/draft-02/monograph.tex
Mind at Work: Detecting Agency through Assembly and Action,drop,2025-09-11 01:31,1,154,8546,alphabet/essay/draft-01/monograph.tex
Mind at Work: Detecting Agency through Assembly and Action,drop,2025-09-11 01:31,8,154,8546,alphabet/essay/drafts/monograph (8).tex
Mind at Work: Detecting Agency through Assembly and Action,drop,2025-09-11 01:31,7,89,1995,alphabet/essay/drafts/monograph (7).tex
Mind at Work: Detecting Agency through Assembly and Action,drop,2025-09-11 01:31,6,54,3214,alphabet/essay/drafts/monograph (6).tex
Mind at Work: Detecting Agency through Assembly and Action,drop,2025-09-11 01:31,5,50,2218,alphabet/essay/drafts/monograph (5).tex
Mind at Work: Detecting Agency through Assembly and Action,drop,2025-09-11 01:31,,94,3982,alphabet/essay/monograph.tex
"The Categorical Structure of Alignment:\ Representation, Motivation, and the Pre",KEEP by draft number,2026-03-13 11:37,1,161,12103,research-projects/categorical-structure-of-alignment-v1.tex
"The Categorical Structure of Alignment:\ Representation, Motivation, and the Pre",drop,2026-03-13 11:37,,120,20457,research-projects/categorical-structure-of-alignment.tex
Causal Mechanistic Interpretability: From Inspection to Event-Historical Structu,"KEEP by development, CHECK",2025-12-26 01:44,,0,9758,research-projects/interpretability/Causal Mechanistic Interpretability.tex
Causal Mechanistic Interpretability: From Inspection to Event-Historical Structu,drop,2025-12-26 01:44,1,0,909,research-projects/interpretability/Causal Mechanistic Interpretability - draft 01.tex
"Amplitwist Cascades, Biological Priors, [0.3ex] and the Geometry of Cognitive Tr",KEEP by draft number,2026-05-01 21:10,2,0,6470,guardrails/processing/amplitwist_paper-v2.tex
"Amplitwist Cascades, Biological Priors, [0.3ex] and the Geometry of Cognitive Tr",drop,2026-05-01 21:10,1,0,5854,guardrails/processing/amplitwist_paper-v1.tex
"Amplitwist Cascades, Biological Priors, [0.3ex] and the Geometry of Cognitive Tr",drop,2026-05-01 21:10,,21,7737,guardrails/processing/amplitwist_paper.tex
From Catharsis to Geometric Bayesianism: RSVP and the Demise of the Hydraulic Mo,KEEP by draft number,2025-08-19 00:50,2,13,1946,kitbash/research/psychology/draft-02/emotions.tex
From Catharsis to Geometric Bayesianism: RSVP and the Demise of the Hydraulic Mo,drop,2025-08-19 00:50,,15,2807,kitbash/research/psychology/emotions.tex
Entropic Smoothing and Relational Geodesics: A Sheaf--Functor Equivalence betwee,KEEP by draft number,2025-08-13 13:46,2,0,6832,library/astrophysics/time/draft-02/entropic-smoothing.tex
Entropic Smoothing and Relational Geodesics: A Sheaf--Functor Equivalence betwee,drop,2025-08-13 13:46,1,13,2169,library/astrophysics/time/draft-01/entropic-smoothing.tex
Entropic Smoothing and Relational Geodesics: A Sheaf--Functor Equivalence betwee,drop,2025-08-13 13:46,,81,1655,library/astrophysics/time/entropic-smoothing.tex
Scalar Extraction in Platform Capitalism: From Social Network to Probabilistic E,KEEP by citations/length,2025-11-16 00:46,,0,48724,kitbash/cursive/essay-sga.tex
Scalar Extraction in Platform Capitalism: From Social Network to Probabilistic E,drop,2025-11-16 00:46,,0,48724,kitbash/cursive/essay.tex
Scalar Extraction in Platform Capitalism: From Social Network to Probabilistic E,drop,2025-11-16 00:46,,0,48724,kitbash/monograph/essay.tex
The Coordination Engine Civilization as an Error-Correcting System,"KEEP by development, CHECK",2026-03-08 00:29,1,0,13532,library/processing/The Coordination Engine - draft 01.tex
The Coordination Engine Civilization as an Error-Correcting System,drop,2026-03-08 00:29,2,7,7986,library/processing/The Coordination Engine - draft 02.tex
The Coordination Engine Civilization as an Error-Correcting System,drop,2026-03-08 00:29,,7,11683,library/processing/The Coordination Engine.tex
"The Deliberate Collapse of Cognitive Multiplicity: Event-Driven Intelligence, Sp",KEEP by draft number,2025-12-18 23:21,2,4,18192,antivenom/event-history-draft-02.tex
"The Deliberate Collapse of Cognitive Multiplicity: Event-Driven Intelligence, Sp",drop,2025-12-18 23:21,1,0,2736,antivenom/event-history-draft-01.tex
"The Deliberate Collapse of Cognitive Multiplicity: Event-Driven Intelligence, Sp",drop,2025-12-18 23:21,,0,8214,antivenom/event-history.tex
"Policy Selection in the Latent Action Space: A Unifying Theory of Thought, Infer",KEEP by citations/length,2025-11-10 10:53,3,39,4952,research-projects/policy-selection/draft-03/monograph.tex
"Policy Selection in the Latent Action Space: A Unifying Theory of Thought, Infer",drop,2025-11-10 10:53,3,0,4875,research-projects/policy-selection/draft-03/monograph-02.tex
"Policy Selection in the Latent Action Space: A Unifying Theory of Thought, Infer",drop,2025-11-10 10:53,1,0,2537,research-projects/policy-selection/draft-01/monograph.tex
Complexity-Weighted Surprise Minimization as a Variational Field Theory: Continu,KEEP by draft number,2025-12-07 17:28,1,22,5827,antivenom/active-inference/surprise-minimization-draft-01.tex
Complexity-Weighted Surprise Minimization as a Variational Field Theory: Continu,drop,2025-12-07 17:28,,1,3944,antivenom/active-inference/surprise-minimization.tex
Extrapolated Riemannian Curvature of Semantic Manifolds,"KEEP by development, CHECK",2025-09-21 21:46,2,67,7534,library/pipeline/monograph - draft 02.tex
Extrapolated Riemannian Curvature of Semantic Manifolds,drop,2025-09-21 21:46,4,36,3665,library/pipeline/monograph - draft 04.tex
Extrapolated Riemannian Curvature of Semantic Manifolds,drop,2025-09-21 21:46,3,26,3193,library/pipeline/monograph - draft 03.tex
Extrapolated Riemannian Curvature of Semantic Manifolds,drop,2025-09-21 21:46,1,58,4677,library/pipeline/monograph - draft 01.tex
Extrapolated Riemannian Curvature of Semantic Manifolds,drop,2025-09-21 21:46,2,17,1278,library/pipeline/suggestions - 02.tex
Extrapolated Riemannian Curvature of Semantic Manifolds,drop,2025-09-21 21:46,1,71,3551,library/pipeline/suggestions - 01.tex
Extrapolated Riemannian Curvature of Semantic Manifolds,drop,2025-09-21 21:46,,70,7323,library/pipeline/monograph.tex
Preliminary Analysis of Developer Activity and Language Ecosystems in a Large Gi,KEEP by draft number,2026-03-29 11:43,2,0,2557,research-projects/analysis/github_activity-2.tex
Preliminary Analysis of Developer Activity and Language Ecosystems in a Large Gi,drop,2026-03-29 11:43,1,0,1955,research-projects/analysis/github_activity-1.tex
Preliminary Analysis of Developer Activity and Language Ecosystems in a Large Gi,drop,2026-03-29 11:43,,0,1486,research-projects/analysis/github_activity.tex
Time as Irreversible Constraint Accumulation: An Event-Based Interpretation of P,KEEP by date,2025-12-16 21:49,,84,11403,kitbash/physics/processing/constraint-accumulation.tex
Time as Irreversible Constraint Accumulation: An Event-Based Interpretation of P,drop,2025-12-16 07:55,1,0,2451,kitbash/physics/constraint-accumulation-draft-01.tex
Time as Irreversible Constraint Accumulation: An Event-Based Interpretation of P,drop,2025-12-16 07:55,,84,11955,kitbash/physics/constraint-accumulation.tex
Ledger and Junk: Opacity as the Condition of Generativity in Computational Syste,KEEP by draft number,2025-08-28 23:38,3,122,4314,kitbash/thesis/draft-03/thesis.tex
Ledger and Junk: Opacity as the Condition of Generativity in Computational Syste,drop,2025-08-28 23:38,2,112,4169,kitbash/thesis/draft-02/thesis.tex
Ledger and Junk: Opacity as the Condition of Generativity in Computational Syste,drop,2025-08-28 23:38,1,79,3798,kitbash/thesis/draft-01/thesis.tex
Ledger and Junk: Opacity as the Condition of Generativity in Computational Syste,drop,2025-08-28 23:38,,131,4347,kitbash/thesis/thesis.tex
Admissible Histories: The Incongruent Neuron and the Ontological Structure of Er,"KEEP by development, CHECK",2025-12-31 12:32,,0,8808,alphabet/Admissible Histories.tex
Admissible Histories: The Incongruent Neuron and the Ontological Structure of Er,drop,2025-12-31 12:32,1,0,1019,alphabet/Admissible Histories - draft 01.tex
Toward Scalable Alignment: A Theory of Invariant Objectives Under Optimization a,"KEEP by development, CHECK",2025-11-12 06:17,,0,2843,alphabet/economics/scalable-alignment.tex
Toward Scalable Alignment: A Theory of Invariant Objectives Under Optimization a,drop,2025-11-12 06:17,2,0,1404,alphabet/economics/scalable-alignment-02.tex
constraint_v2.tex,KEEP by draft number,2026-03-10 13:06,2,22,25434,calculus/constraint_v2.tex
constraint_v2.tex,drop,2026-03-10 13:06,,22,5514,calculus/constraint.tex
"Identity as Namespace: Entropy, Reputation, and Metric Collapse in Platform Arch","KEEP by development, CHECK",2026-01-05 00:42,,0,11357,library/Identity as Namespace.tex
"Identity as Namespace: Entropy, Reputation, and Metric Collapse in Platform Arch",drop,2026-01-05 00:42,1,0,913,library/Identity as Namespace - draft 01.tex
Paintings as Sheaves of Latent Physical Structure,KEEP by draft number,2025-11-08 17:15,2,0,2654,video-player/resources/monograph-draft-02.tex
Paintings as Sheaves of Latent Physical Structure,drop,2025-11-08 17:15,1,0,2157,video-player/resources/monograph-draft-01.tex
Chokepoint Capitalism in Knowledge Infrastructures: An RSVP-Theoretic Analysis,KEEP by draft number,2025-09-24 01:01,1,5,2387,kitbash/operations/essay-03/draft-01/essay.tex
Chokepoint Capitalism in Knowledge Infrastructures: An RSVP-Theoretic Analysis,drop,2025-09-24 01:01,3,5,4078,kitbash/operations/essay-03/essay-03.tex
Quantifying Paradox and Coherence in Structured Systems,KEEP by draft number,2025-09-03 10:03,2,4,2911,kitbash/paradox/draft-02/paper.tex
Quantifying Paradox and Coherence in Structured Systems,drop,2025-09-03 10:03,1,5,3301,kitbash/paradox/draft-01/paper.tex
MAGI as a Geometric Generalization of Momentum-Based Optimization,KEEP by draft number,2025-11-28 00:05,2,183,5873,alphabet/projects/processing/draft-02.tex
MAGI as a Geometric Generalization of Momentum-Based Optimization,drop,2025-11-28 00:05,1,0,6559,alphabet/projects/processing/draft-01.tex
Flower Wars.tex,"KEEP by development, CHECK",2026-02-09 23:23,,0,11789,alphabet/Flower Wars.tex
Flower Wars.tex,drop,2026-02-09 23:23,1,0,4605,alphabet/Flower Wars - Draft 01.tex
constraint-closure-v1.tex,KEEP by draft number,2026-04-04 17:54,1,0,11081,library/research/constraint-closure-v1.tex
constraint-closure-v1.tex,drop,2026-04-04 17:54,,0,16555,library/research/constraint-closure.tex
Constraint Regimes and the Structure of Surviving Objects On the Invariance of S,"KEEP by development, CHECK",2026-04-24 00:14,,0,6396,library/monograph/constraint_regimes.tex
Constraint Regimes and the Structure of Surviving Objects On the Invariance of S,drop,2026-04-24 00:14,1,0,3312,library/monograph/constraint_regimes-v1.tex
"Incompleteness, Null Signals, and the Cosmological Plenum","KEEP by date, CHECK",2026-04-17 18:26,5,31,1692,kitbash/cosmology/working/draft-05/incompleteness.tex
"Incompleteness, Null Signals, and the Cosmological Plenum",drop,2025-08-19 00:50,4,84,3528,kitbash/cosmology/working/draft-04/incompleteness.tex
"Incompleteness, Null Signals, and the Cosmological Plenum",drop,2025-08-19 00:50,3,72,3119,kitbash/cosmology/working/draft-03/incompleteness.tex
"Incompleteness, Null Signals, and the Cosmological Plenum",drop,2025-08-19 00:50,2,55,2355,kitbash/cosmology/working/draft-02/incompleteness.tex
"Incompleteness, Null Signals, and the Cosmological Plenum",drop,2025-08-19 00:50,1,32,1352,kitbash/cosmology/working/draft-01/incompleteness.tex
Developer Lifecycles and Language Ecosystem Dynamics on GitHub: A Large-Scale An,KEEP by citations/length,2026-03-29 11:43,,5,5178,research-projects/analysis/github_developer_lifecycles.tex
Developer Lifecycles and Language Ecosystem Dynamics on GitHub: A Large-Scale An,drop,2026-03-29 11:43,,5,3601,research-projects/analysis/github_developer_lifecycles-draft.tex
"Local Tractability and Global Dysfunction Institutional Mediation, Epistemic Eff","KEEP by development, CHECK",2026-02-08 16:28,,0,23265,research-projects/Local Tractability and Global Dysfunction.tex
"Local Tractability and Global Dysfunction Institutional Mediation, Epistemic Eff",drop,2026-02-08 16:28,1,0,4364,research-projects/Local Tractability and Global Dysfunction - draft 01.tex
RSVP--Polyxan: A Unified Field Theory of Semantic Hyperstructures,KEEP by citations/length,2026-04-27 14:27,,1,7598,research-projects/polyxan-semantic-hyperstructure.tex
RSVP--Polyxan: A Unified Field Theory of Semantic Hyperstructures,drop,2026-04-27 14:27,,1,6015,research-projects/polyxan-semantic-hyperstructure-draft.tex
"From Fields to Futures [0.4em] A Recent History of Constraint, Admissibility, an",KEEP by citations/length,2026-07-25 13:44,,0,52574,antivenom/essay/research-report.tex
"From Fields to Futures [0.4em] A Recent History of Constraint, Admissibility, an",drop,2026-07-25 13:44,,0,52321,antivenom/essay/draft-research-report/research-report.tex
Authoritative History and the Limits of Autoregressive Intelligence,KEEP by citations/length,2025-12-18 23:21,,0,10858,antivenom/Authoritative History.tex
Authoritative History and the Limits of Autoregressive Intelligence,drop,2025-12-18 23:21,,0,1056,antivenom/Authoritative History - overview.tex
Toward a Top-Level Ontology of Entropic Histories: A Scalar--Vector--Entropy Fou,KEEP by draft number,2025-12-26 08:41,2,10,9393,kitbash/top-level-ontology-draft-02.tex
Toward a Top-Level Ontology of Entropic Histories: A Scalar--Vector--Entropy Fou,drop,2025-12-26 08:41,1,0,6751,kitbash/top-level-ontology-draft-01.tex
Text as Substrate: On Semantic Compression and the Emergence of a Universal Repr,"KEEP by development, CHECK",2026-03-22 20:42,,0,19222,library/baseline/text_as_substrate.tex
Text as Substrate: On Semantic Compression and the Emergence of a Universal Repr,drop,2026-03-22 20:42,2,0,11440,library/text_as_substrate-v2.tex
Text as Substrate: On Semantic Compression and the Emergence of a Universal Repr,drop,2026-03-22 16:20,1,15,9735,library/text_as_substrate-v1.tex
"Abstraction as Reduction: A Unified Account of Evaluation, Structure, and Proof",KEEP by date,2026-01-25 19:15,,5,32013,alphabet/Abstraction as Reduction.tex
"Abstraction as Reduction: A Unified Account of Evaluation, Structure, and Proof",drop,2025-12-24 23:23,4,0,5035,alphabet/processing/abstraction-draft-04.tex
"Abstraction as Reduction: A Unified Account of Evaluation, Structure, and Proof",drop,2025-12-24 23:23,3,10,37936,alphabet/processing/abstraction-draft-03.tex
Trajectory and Residue [0.5em] How Work Becomes What Continues to Hold,KEEP by draft number,2026-04-25 02:06,5,26,3753,antivenom/projects/constraint_closure-5.tex
Trajectory and Residue [0.5em] How Work Becomes What Continues to Hold,drop,2026-04-25 02:06,4,26,3736,antivenom/projects/constraint_closure-4.tex
Trajectory and Residue [0.5em] How Work Becomes What Continues to Hold,drop,2026-04-25 02:06,3,0,2783,antivenom/projects/constraint_closure-3.tex
Trajectory and Residue [0.5em] How Work Becomes What Continues to Hold,drop,2026-04-25 02:06,2,0,2315,antivenom/projects/constraint_closure-2.tex
Trajectory and Residue [0.5em] How Work Becomes What Continues to Hold,drop,2026-04-25 02:06,1,0,1772,antivenom/projects/constraint_closure-1.tex
Trajectory and Residue [0.5em] How Work Becomes What Continues to Hold,drop,2026-04-25 02:06,,0,1740,antivenom/projects/constraint_closure.tex
"Compression After Expansion: On Skill, Misattribution, and the Ethics of Visible",KEEP by citations/length,2026-08-20 21:41,,12,7323,alphabet/screenplay/compression_after_expansion.tex
"Compression After Expansion: On Skill, Misattribution, and the Ethics of Visible",drop,2026-08-20 21:41,,0,5767,alphabet/screenplay/compression_after_expansion.tex
Evolutionary Development in the Relativistic Scalar Vector Plenum: An Entropic F,"KEEP by development, CHECK",2026-03-05 21:03,,256,14025,research-projects/history/Evolutionary Development.tex
Evolutionary Development in the Relativistic Scalar Vector Plenum: An Entropic F,drop,2026-03-05 21:03,1,0,5424,research-projects/history/Evolutionary Development - draft 01.tex
,KEEP by citations/length,2026-07-05 14:21,,0,37792,antivenom/resources/processing/in_progress/main.tex
,drop,2026-07-05 14:21,,0,26599,antivenom/resources/processing/in_progress/draft/main.tex
"Recursive Continuation Autopoiesis, Sympoiesis, and the Compression of Self-Modi",KEEP by citations/length,2026-07-06 19:54,,0,17578,alphabet/example/recursive-continuation.tex
"Recursive Continuation Autopoiesis, Sympoiesis, and the Compression of Self-Modi",drop,2026-07-06 19:54,,0,10614,alphabet/example/draft/recursive-continuation.tex
Vocabulary as Moat [0.3em] Microsoft DOS and the Politics of Proprietary Convent,KEEP by date,2026-09-03 17:14,,0,12958,kitbash/cognitive-dynamics/msdos_monograph.tex
Vocabulary as Moat [0.3em] Microsoft DOS and the Politics of Proprietary Convent,drop,2026-08-25 01:59,,0,1646,kitbash/cognitive-dynamics/msdos_monograph_chapter1.tex
The Topology of Intention [0.4em] Process-Based Identity and the Geometric Bindi,KEEP by date,2026-05-09 00:39,,22,4281,alphabet/research/topology_of_intention.tex
The Topology of Intention [0.4em] Process-Based Identity and the Geometric Bindi,drop,2026-04-25 02:04,,22,4257,library/monograph/topology_of_intention.tex
The Topology of Intention [0.4em] Process-Based Identity and the Geometric Bindi,drop,2026-04-24 00:14,2,20,3849,library/monograph/processing/topology_of_intention-v2.tex
The Topology of Intention [0.4em] Process-Based Identity and the Geometric Bindi,drop,2026-04-24 00:14,1,0,2196,library/monograph/processing/topology_of_intention-v1.tex
Event-Nodes and Texture-Nodes: Extending Causal Mechanistic Interpretability wit,KEEP by draft number,2025-12-26 01:44,1,0,1105,research-projects/interpretability/Event-Nodes and Texture-nodes - draft 01.tex
Event-Nodes and Texture-Nodes: Extending Causal Mechanistic Interpretability wit,drop,2025-12-26 01:44,,0,1064,research-projects/interpretability/Event-Nodes and Texture-nodes.tex
"Friction as Inoculation: [4pt] Null Preservation, Bounded Difficulty, [2pt] and ","KEEP by development, CHECK",2026-02-26 04:11,,8,10869,antivenom/rhetoric/Friction as Inoculation.tex
"Friction as Inoculation: [4pt] Null Preservation, Bounded Difficulty, [2pt] and ",drop,2026-02-26 04:11,2,5,5639,antivenom/rhetoric/Friction as Inoculation - Draft 02.tex
"Friction as Inoculation: [4pt] Null Preservation, Bounded Difficulty, [2pt] and ",drop,2026-02-26 04:11,1,0,7489,antivenom/rhetoric/Friction as Inoculation - Draft 01.tex
Polyglot Modular Computation via Sheaf Cohomology: A Monumental Categorical Trea,KEEP by draft number,2025-11-03 22:02,1,3,1273,Centerfuge/essay/draft-01/monograph.tex
Polyglot Modular Computation via Sheaf Cohomology: A Monumental Categorical Trea,drop,2025-11-03 22:02,,3,1301,Centerfuge/essay/monograph.tex
"Flow Computing [0.4em] Wavefronts, Invocation, and the Logically Determined Work",KEEP by date,2026-07-19 20:03,,0,16664,calculus/baseline/computing_as_flow.tex
"Flow Computing [0.4em] Wavefronts, Invocation, and the Logically Determined Work",drop,2026-06-09 05:59,,0,13088,calculus/baseline/draft/computing_as_flow.tex
History as Identity: The Append-Only Algebra of Spherepop,KEEP by draft number,2026-03-06 12:43,2,0,5410,spherepop/History as Identity - v02.tex
History as Identity: The Append-Only Algebra of Spherepop,drop,2026-03-06 12:43,1,0,4317,spherepop/History as Identity - v01.tex
History as Identity: The Append-Only Algebra of Spherepop,drop,2026-03-06 12:43,,10,7081,spherepop/History as Identity.tex
main-v1.tex,KEEP by draft number,2026-04-13 03:16,1,0,14312,alphabet/screenplay/the_incoherence/main-v1.tex
main-v1.tex,drop,2026-04-13 03:16,,0,14312,alphabet/screenplay/the_incoherence/main.tex
Paperbot Parliament: A Multi-Agent Framework for Distinction-Centered Document A,KEEP by citations/length,2026-06-16 00:15,,0,5113,kitbash/paperbot/paperbot-parliament.tex
Paperbot Parliament: A Multi-Agent Framework for Distinction-Centered Document A,drop,2026-06-16 00:15,,0,4191,kitbash/paperbot/draft/paperbot-parliament.tex
The Incoherence - draft 01.tex,KEEP by draft number,2026-02-07 21:37,1,0,4085,alphabet/The Incoherence - draft 01.tex
The Incoherence - draft 01.tex,drop,2026-02-07 21:37,,0,4097,alphabet/The Incoherence.tex
"Facebook and the Structural Degradation of Social Reality: Advertising, Attentio","KEEP by development, CHECK",2025-12-29 21:50,,0,9023,antivenom/diatribe.tex
"Facebook and the Structural Degradation of Social Reality: Advertising, Attentio",drop,2025-12-29 21:50,1,0,2232,antivenom/diatribe - draft 01.tex
synthetic_sociality_v3-3.tex,KEEP by citations/length,2026-03-12 12:46,3,179,13698,antivenom/resources/synthetic_sociality_v3-3.tex
synthetic_sociality_v3-3.tex,drop,2026-03-12 12:46,3,165,10106,antivenom/resources/synthetic_sociality_v3-2.tex
synthetic_sociality_v3-3.tex,drop,2026-03-12 12:46,3,135,7864,antivenom/resources/synthetic_sociality_v3-1.tex
synthetic_sociality_v3-3.tex,drop,2026-03-12 12:46,3,135,7864,antivenom/resources/synthetic_sociality_v3.tex
synthetic_sociality_v3-3.tex,drop,2026-03-12 12:46,2,0,6700,antivenom/resources/synthetic_sociality_v2.tex
synthetic_sociality_v3-3.tex,drop,2026-03-12 12:46,,0,4343,antivenom/resources/synthetic_sociality.tex
transformational_communication-v2.tex,KEEP by draft number,2026-04-11 18:06,2,0,8121,TARTAN/processing/transformational_communication-v2.tex
transformational_communication-v2.tex,drop,2026-04-11 18:06,,0,4984,TARTAN/processing/transformational_communication.tex
Identity Collapse and the Platforming of Fraud: Structural Trust Degradation in ,KEEP by draft number,2026-01-08 01:54,2,0,4554,standardgalactic.github.io/critique/Identity Collapse - draft 02.tex
Identity Collapse and the Platforming of Fraud: Structural Trust Degradation in ,drop,2026-01-08 01:54,1,0,5347,standardgalactic.github.io/critique/Identity Collapse - draft 01.tex
Identity Collapse and the Platforming of Fraud: Structural Trust Degradation in ,drop,2026-01-08 01:54,,0,5386,standardgalactic.github.io/critique/Identity Collapse.tex
Quantum SpherePop [0.35em] The RSVP Field in Complex Phase Space,"KEEP by development, CHECK",2025-11-01 17:53,,2,8928,alphabet/aphantasia/quantum-spherepop.tex
Quantum SpherePop [0.35em] The RSVP Field in Complex Phase Space,drop,2025-11-01 17:53,1,0,1476,alphabet/aphantasia/quantum-spherepop-draft-01.tex
bayesian-photonics.tex,KEEP by citations/length,2026-05-26 09:36,,0,9166,research-projects/photonics/bayesian-photonics.tex
bayesian-photonics.tex,drop,2026-05-26 09:36,,0,6630,research-projects/photonics/drafts/bayesian-photonics.tex
From Frailty and Waste to Informational Security: RSVP as a Foundation for Idea ,KEEP by draft number,2025-08-27 23:27,2,30,10264,kitbash/research/working/draft-02/essay.tex
From Frailty and Waste to Informational Security: RSVP as a Foundation for Idea ,drop,2025-08-27 23:27,1,29,10703,kitbash/research/working/draft-01/essay.tex
From Frailty and Waste to Informational Security: RSVP as a Foundation for Idea ,drop,2025-08-27 23:27,,38,10394,kitbash/research/working/essay.tex
Entropic Paradoxes in Big Tech Critique: A Formal Analysis Through the RSVP Fram,KEEP by draft number,2025-09-05 01:09,3,41,2563,kitbash/essay/draft-03/paper.tex
Entropic Paradoxes in Big Tech Critique: A Formal Analysis Through the RSVP Fram,drop,2025-09-05 01:09,2,41,1776,kitbash/essay/draft-02/paper.tex
Entropic Paradoxes in Big Tech Critique: A Formal Analysis Through the RSVP Fram,drop,2025-09-05 01:09,2,41,1776,kitbash/essay/draft-02/paper.tex
Entropic Paradoxes in Big Tech Critique: A Formal Analysis Through the RSVP Fram,drop,2025-09-05 01:09,1,41,1539,kitbash/essay/draft-01/paper.tex
Entropic Paradoxes in Big Tech Critique: A Formal Analysis Through the RSVP Fram,drop,2025-09-05 01:09,1,41,1539,kitbash/essay/draft-01/paper.tex
Entropic Paradoxes in Big Tech Critique: A Formal Analysis Through the RSVP Fram,drop,2025-09-05 01:09,,41,2678,kitbash/essay/paper.tex
The Role of Silence in Knowledge Systems,KEEP by draft number,2025-09-24 01:01,3,15,2785,kitbash/operations/essay-02/draft-03.tex
The Role of Silence in Knowledge Systems,drop,2025-09-24 01:01,2,12,2956,kitbash/operations/essay-02/draft-02.tex
The Role of Silence in Knowledge Systems,drop,2025-09-24 01:01,1,9,3349,kitbash/operations/essay-02/draft-01.tex
The Bicameral Illusion: Spectral Attractors and Autoregressive Cognition,KEEP by draft number,2025-09-28 00:09,1,9,10622,library/essay/draft-01.tex
The Bicameral Illusion: Spectral Attractors and Autoregressive Cognition,drop,2025-09-28 00:09,,31,11595,library/essay/essay.tex
Cosmological Observables Without Expansion: A Scalar--Vector--Entropy Field Theo,KEEP by citations/length,2026-03-28 09:25,2,9,8476,kitbash/cosmology/rsvp_cosmology_v2-1.tex
Cosmological Observables Without Expansion: A Scalar--Vector--Entropy Field Theo,drop,2026-03-28 09:25,2,9,8341,kitbash/cosmology/rsvp_cosmology_v2.tex
Cosmological Observables Without Expansion: A Scalar--Vector--Entropy Field Theo,drop,2026-03-28 09:25,1,8,7500,kitbash/cosmology/rsvp_cosmology-1.tex
Cosmological Observables Without Expansion: A Scalar--Vector--Entropy Field Theo,drop,2026-03-28 09:25,,7,6797,kitbash/cosmology/rsvp_cosmology.tex
"Execution, History, and Reduction: A Minimal Operational Kernel for Computation",KEEP by draft number,2026-03-04 09:09,4,17,7955,spherepop/working/execution history - draft 04.tex
"Execution, History, and Reduction: A Minimal Operational Kernel for Computation",drop,2026-03-04 09:09,3,0,12487,spherepop/working/execution history - draft 03.tex
"Execution, History, and Reduction: A Minimal Operational Kernel for Computation",drop,2026-03-04 02:58,2,10,7331,spherepop/working/execution history - draft 02.tex
"Execution, History, and Reduction: A Minimal Operational Kernel for Computation",drop,2026-03-04 02:58,,0,10562,spherepop/working/execution history.tex
"Planetary Autocatalysis: Hierarchical Selection, Entropy Fields, and the Emergen",KEEP by draft number,2025-09-05 01:12,3,152,6374,library/geology/draft-03/paper.tex
"Planetary Autocatalysis: Hierarchical Selection, Entropy Fields, and the Emergen",drop,2025-09-05 01:12,2,13,5805,library/geology/draft-02/paper.tex
"Planetary Autocatalysis: Hierarchical Selection, Entropy Fields, and the Emergen",drop,2025-09-05 01:12,1,13,5804,library/geology/draft-01/paper.tex
"Planetary Autocatalysis: Hierarchical Selection, Entropy Fields, and the Emergen",drop,2025-09-05 01:12,,198,6902,library/geology/paper.tex
the_refractive_self-v2.tex,KEEP by draft number,2026-04-29 00:54,2,35,25978,alphabet/science/the_refractive_self-v2.tex
the_refractive_self-v2.tex,drop,2026-04-29 00:54,1,17,23083,alphabet/science/the_refractive_self-v1.tex
the_refractive_self-v2.tex,drop,2026-04-29 00:54,,36,38585,alphabet/science/the_refractive_self.tex
Structured Irreversibility Discrete Rewriting and Coherence Realization,KEEP by draft number,2026-03-03 19:21,2,3,6516,spherepop/working/Structured Irreversibility - draft 02.tex
Structured Irreversibility Discrete Rewriting and Coherence Realization,drop,2026-03-03 19:21,1,6,4146,spherepop/working/Structured Irreversibility - draft 01.tex
Structured Irreversibility Discrete Rewriting and Coherence Realization,drop,2026-03-03 19:21,,6,9170,spherepop/Structured Irreversibility.tex
"Geodesics of Attention [4pt] Cinema, Gesture, and the Geometry of Perception",KEEP by citations/length,2026-03-14 00:56,3,15,4593,alphabet/manuscripts/geodesics_of_attention_v3_cursive.tex
"Geodesics of Attention [4pt] Cinema, Gesture, and the Geometry of Perception",drop,2026-03-14 00:56,3,15,4593,alphabet/manuscripts/geodesics_of_attention_v3_nova.tex
"Geodesics of Attention [4pt] Cinema, Gesture, and the Geometry of Perception",drop,2026-03-14 00:56,3,15,4593,alphabet/manuscripts/geodesics_of_attention_v3_sga.tex
"Geodesics of Attention [4pt] Cinema, Gesture, and the Geometry of Perception",drop,2026-03-14 00:56,2,15,4593,alphabet/manuscripts/geodesics_of_attention_v2.tex
"Geodesics of Attention [4pt] Cinema, Gesture, and the Geometry of Perception",drop,2026-03-14 00:56,1,4,4103,alphabet/manuscripts/geodesics_of_attention_v1.tex
"Normalization Without Convergence: [6pt] Large Language Models, Linguistic Entro","KEEP by development, CHECK",2026-03-14 12:16,,7,16503,alphabet/manuscripts/normalization_without_convergence.tex
"Normalization Without Convergence: [6pt] Large Language Models, Linguistic Entro",drop,2026-03-14 12:16,1,7,9074,alphabet/manuscripts/normalization_without_convergence_v1.tex
Divided We Stand: RSVP and the Limits of Coherence in AI Safety,KEEP by draft number,2025-09-20 23:25,1,45,1462,antivenom/essay/draft-01/monograph.tex
Divided We Stand: RSVP and the Limits of Coherence in AI Safety,drop,2025-09-20 23:25,,45,2685,antivenom/essay/monograph.tex
"The Politics of Oracle-Free Evaluation: Constraint, Generativity, and the Proble","KEEP by development, CHECK",2026-02-12 08:48,1,7,3479,kitbash/processing/Draft 1.tex
"The Politics of Oracle-Free Evaluation: Constraint, Generativity, and the Proble",drop,2026-02-12 08:48,3,0,2157,kitbash/processing/Draft 3.tex
"The Politics of Oracle-Free Evaluation: Constraint, Generativity, and the Proble",drop,2026-02-12 08:48,2,0,3031,kitbash/processing/Draft 2.tex
Introducción a Spherepop Un cálculo de historia de eventos,KEEP by draft number,2026-03-07 16:00,1,0,12758,spherepop/Introducción a Spherepop - v01.tex
Introducción a Spherepop Un cálculo de historia de eventos,drop,2026-03-07 16:00,,207,11246,spherepop/Introducción a Spherepop.tex
The Joy of Spherepop: An Event--History Calculus for a Finite World,KEEP by draft number,2025-12-21 16:11,1,0,10532,spherepop/Joy-of-Spherepop-draft-01.tex
The Joy of Spherepop: An Event--History Calculus for a Finite World,drop,2025-12-21 16:11,,30,13005,spherepop/Joy-of-Spherepop.tex
"Relativistic Scalar Vector Plenum: Unified Encodings Across Physics, Cognition, ",KEEP by citations/length,2025-09-14 03:32,,109,5688,alphabet/framework/Cursive Galactic/unified-encodings.tex
"Relativistic Scalar Vector Plenum: Unified Encodings Across Physics, Cognition, ",drop,2025-09-14 03:32,,109,5687,alphabet/framework/SGA/unified-encodings.tex
"Relativistic Scalar Vector Plenum: Unified Encodings Across Physics, Cognition, ",drop,2025-09-14 03:32,,109,5687,alphabet/framework/unified-encodings.tex
Axial Holonomy and Visibility-Weighted Coherence: [4pt] Cosmic Birefringence in ,KEEP by draft number,2026-03-02 02:26,3,117,6179,kitbash/cosmology/Axial Holonomy - draft 03.tex
Axial Holonomy and Visibility-Weighted Coherence: [4pt] Cosmic Birefringence in ,drop,2026-03-02 02:26,2,102,3848,kitbash/cosmology/Axial Holonomy - draft 02.tex
Axial Holonomy and Visibility-Weighted Coherence: [4pt] Cosmic Birefringence in ,drop,2026-03-02 02:26,1,0,7375,kitbash/cosmology/Axial Holonomy - draft 01.tex
Geometric Memory as Trajectory Influence on a Generative Substrate,KEEP by draft number,2025-09-18 14:17,2,54,4414,library/resources/comparison-draft-02/geometric-memory.tex
Geometric Memory as Trajectory Influence on a Generative Substrate,drop,2025-09-18 14:17,1,68,1683,library/resources/comparison-draft-01/geometric-memory.tex
Geometric Memory as Trajectory Influence on a Generative Substrate,drop,2025-09-18 14:17,,27,4327,library/resources/geometric-memory.tex
Gallery Before Feed: Why Engagement-Optimized Interfaces Destroy Coherence and H,KEEP by draft number,2026-01-26 15:54,1,0,7351,research-projects/Gallery Before Feed - draft 01.tex
Gallery Before Feed: Why Engagement-Optimized Interfaces Destroy Coherence and H,drop,2026-01-26 15:54,,0,10998,research-projects/Gallery Before Feed.tex
Diagnostic Coordinates and the Time of Repair: A Correction to the Anti-Alignmen,KEEP by date,2026-07-25 01:29,,6,6383,computation/processing/diagnostic-coordinates.tex
Diagnostic Coordinates and the Time of Repair: A Correction to the Anti-Alignmen,drop,2026-07-11 00:40,,6,4878,computation/diagnostic-coordinates.tex
The Monetization of Redundancy: Tokenization and the Enclosure of Computation,KEEP by citations/length,2026-04-02 00:09,,0,9912,antivenom/processing/Monetization-of-Redundancy.tex
The Monetization of Redundancy: Tokenization and the Enclosure of Computation,drop,2026-04-02 00:09,,0,9309,antivenom/Monetization-of-Redundancy.tex
"Substrate Independent Thinking Hypothesis (SITH): Life, Meaning, and the Autocat",KEEP by draft number,2026-01-11 21:00,2,0,7757,alphabet/processing/SITH Theory - draft 02.tex
"Substrate Independent Thinking Hypothesis (SITH): Life, Meaning, and the Autocat",drop,2026-01-11 21:00,1,0,7290,alphabet/processing/SITH Theory - draft 01.tex
"Substrate Independent Thinking Hypothesis (SITH): Life, Meaning, and the Autocat",drop,2026-01-11 21:00,,0,9723,alphabet/SITH Theory.tex
PlenumHub / Polyxan Toward a Source-First Publishing Substrate,KEEP by date,2026-07-05 14:21,,11,18781,antivenom/resources/plenumhub-polyxan.tex
PlenumHub / Polyxan Toward a Source-First Publishing Substrate,drop,2026-07-04 01:48,,7,10296,antivenom/resources/processing/draft/plenumhub-polyxan.tex
Hyperbionic Reading: A Visual Projection of Prosodic Parameter Space,KEEP by citations/length,2026-05-02 17:18,,5,15898,guardrails/memory/hyperbionic_reading.tex
Hyperbionic Reading: A Visual Projection of Prosodic Parameter Space,drop,2026-05-02 17:18,,1,8646,guardrails/memory/hyperbionic_reading-draft.tex
Intelligence as Structural Compression: A Theory of Mind Recognition via Effecti,KEEP by draft number,2025-12-14 21:08,1,15,3488,research-projects/epistemology/intelligence-as-structural-compression-draft-01.tex
Intelligence as Structural Compression: A Theory of Mind Recognition via Effecti,drop,2025-12-14 21:08,,17,4406,research-projects/epistemology/intelligence-as-structural-compression.tex
Propagating Constraint Fields and Dynamic Structural Redistribution: Toward a Fi,KEEP by citations/length,2026-05-25 10:08,,25,13633,alphabet/working/constraint-propagation.tex
Propagating Constraint Fields and Dynamic Structural Redistribution: Toward a Fi,drop,2026-05-25 10:08,,23,9820,alphabet/working/drafts/constraint-propagation.tex
everything_is_a_clipboard.tex,KEEP by date,2026-05-25 18:57,,0,27463,alphabet/framework/everything_is_a_clipboard.tex
everything_is_a_clipboard.tex,drop,2026-05-25 13:22,,0,24698,alphabet/framework/drafts/everything_is_a_clipboard.tex
"Broken Tools for a Breaking World: AI Fragility, the Four Races, and the Metacri",KEEP by citations/length,2026-05-27 01:02,,6,11022,antivenom/framework/fragility-metacrisis.tex
"Broken Tools for a Breaking World: AI Fragility, the Four Races, and the Metacri",drop,2026-05-27 01:02,,6,11022,antivenom/framework/fragility-metacrisis.tex
Nothing Original Need Survive,KEEP by citations/length,2026-07-24 05:34,,26,33794,alphabet/soup/draft/nothing-original.tex
Nothing Original Need Survive,drop,2026-07-24 05:34,,26,33794,alphabet/soup/nothing-original.tex
"Two-Channel Causal Mediation: Event-Nodes, Texture-Nodes, and Irreversibility in",KEEP by draft number,2025-12-26 01:44,1,0,1111,research-projects/interpretability/Two-Channel Causal Mediation - draft 01.tex
"Two-Channel Causal Mediation: Event-Nodes, Texture-Nodes, and Irreversibility in",drop,2025-12-26 01:44,,0,1151,research-projects/interpretability/Two-Channel Causal Mediation.tex
"The Autonomy of Refusal Constraint, Residue, and the Geometry of Persistence",KEEP by date,2026-07-19 23:34,,0,41302,research-projects/textbook/autonomy-of-refusal.tex
"The Autonomy of Refusal Constraint, Residue, and the Geometry of Persistence",drop,2026-06-20 03:41,,0,33762,research-projects/textbook/autonomy-of-refusal-draft.tex
"The Geometry of Constraints [0.6em] Adversarial Representations, Fibrational Sem",KEEP by draft number,2026-03-14 00:56,1,0,6713,alphabet/manuscripts/geometry_of_constraints_v1.tex
"The Geometry of Constraints [0.6em] Adversarial Representations, Fibrational Sem",drop,2026-03-14 00:56,,0,8344,alphabet/manuscripts/geometry_of_constraints.tex
Neural Commit Semantics and the Algebraic Structure of Language,KEEP by draft number,2025-12-24 23:23,1,0,2851,alphabet/Neural Commit Semantics - draft 01.tex
Neural Commit Semantics and the Algebraic Structure of Language,drop,2025-12-24 23:23,,0,1322,alphabet/Neural Commit Semantics.tex
"Function Survives Collapse [0.4em] Admissibility, Entropy Flow, and the Geometry",KEEP by citations/length,2026-05-25 10:08,,18,25398,alphabet/working/function_survives_collapse.tex
"Function Survives Collapse [0.4em] Admissibility, Entropy Flow, and the Geometry",drop,2026-05-25 10:08,,18,17256,alphabet/working/drafts/function_survives_collapse.tex
paracosms-of-the-strange.tex,KEEP by citations/length,2026-09-04 19:30,,6,11909,antivenom/essay/paracosms-of-the-strange.tex
paracosms-of-the-strange.tex,drop,2026-09-04 19:30,,0,10389,antivenom/essay/paracosms-of-the-strange.tex
"Throwing the Game: Refusal, Event-Driven Cognition, and the Survival of Value Be",KEEP by date,2026-04-19 11:38,2,12,11109,spherepop/throwing_the_game_v2.tex
"Throwing the Game: Refusal, Event-Driven Cognition, and the Survival of Value Be",drop,2025-12-20 21:13,,9,7246,spherepop/Throwing-the-game.tex
The Admissibility Crisis [0.4em] On the Collapse of Future Option Space,KEEP by citations/length,2026-06-28 01:14,,0,10854,alphabet/document/admissibility_crisis.tex
The Admissibility Crisis [0.4em] On the Collapse of Future Option Space,drop,2026-06-28 01:14,,0,10854,alphabet/document/admissibility_crisis.tex
Against Namespace Laundering,KEEP by draft number,2026-01-14 07:38,2,0,9047,antivenom/Against Namespace Laundering - draft 02.tex
Against Namespace Laundering,drop,2026-01-14 07:38,1,0,4546,antivenom/Against Namespace Laundering - draft 01.tex
Against Namespace Laundering,drop,2026-01-14 07:38,,0,7095,antivenom/Against Namespace Laundering.tex
"The Ergonomics of Prediction: Gesture, Ergodicity, and the Cost of Micro-Frictio","KEEP by development, CHECK",2026-02-01 16:58,,0,6484,research-projects/The Ergonomics of Prediction.tex
"The Ergonomics of Prediction: Gesture, Ergodicity, and the Cost of Micro-Frictio",drop,2026-02-01 16:58,1,0,3627,research-projects/The Ergonomics of Prediction - draft 01.tex
Gesture Before Symbol: Recovering Latent Structure in Keyboard Input,KEEP by citations/length,2026-04-27 01:40,,57,10398,research-projects/Aurora/gesture-before-symbol.tex
Gesture Before Symbol: Recovering Latent Structure in Keyboard Input,drop,2026-04-27 01:40,,51,9700,research-projects/Aurora/gesture-before-symbol-draft.tex
Admissibility Geometry and the MOND Transition [0.4em] Reconstruction Obstructio,KEEP by draft number,2026-05-10 14:34,1,56,11268,alphabet/physics/cosmology/admissible-geometry-v1.tex
Admissibility Geometry and the MOND Transition [0.4em] Reconstruction Obstructio,drop,2026-05-10 14:34,0,56,8948,alphabet/physics/cosmology/admissible-geometry-v0.tex
Admissibility Geometry and the MOND Transition [0.4em] Reconstruction Obstructio,drop,2026-05-10 14:34,,56,13857,alphabet/physics/cosmology/admissible-geometry.tex
"Globally Persistent Recomposable Thought [4pt] GitHub, the Intelligence Explosio",KEEP by citations/length,2026-05-15 00:03,,18,12962,spherepop/intelligence-explosion.tex
"Globally Persistent Recomposable Thought [4pt] GitHub, the Intelligence Explosio",drop,2026-05-15 00:03,,16,7415,spherepop/processing/draft/intelligence-explosion.tex
Orthodromic Infrastructure Blueprint [0.5em] A Long-Term Architectural Specifica,KEEP by citations/length,2026-07-22 03:23,,45,25712,kitbash/geometry-as-computational-infrastructure.tex
Orthodromic Infrastructure Blueprint [0.5em] A Long-Term Architectural Specifica,drop,2026-07-22 03:23,,34,23018,kitbash/draft/geometry-as-computational-infrastructure.tex
"Civilizations as Hypotheses Simulation, Repair, and the Architecture of Admissib",KEEP by citations/length,2026-06-28 01:14,,8,6476,alphabet/document/civic_simulator.tex
"Civilizations as Hypotheses Simulation, Repair, and the Architecture of Admissib",drop,2026-06-28 01:14,,8,6476,alphabet/document/civic_simulator.tex
"Cinematic Reconstruction [4pt] A Framework for Video Generation, Compression, an",KEEP by date,2026-08-17 21:10,7,30,20662,research-projects/major_projects/CrystalEconomy/cinematic-reconstruction-v7.tex
"Cinematic Reconstruction [4pt] A Framework for Video Generation, Compression, an",drop,2026-08-17 12:31,6,30,19314,research-projects/major_projects/CrystalEconomy/cinematic-reconstruction-v6.tex
"Cinematic Reconstruction [4pt] A Framework for Video Generation, Compression, an",drop,2026-08-17 12:31,5,30,19645,research-projects/major_projects/CrystalEconomy/cinematic-reconstruction-v5.tex
"Cinematic Reconstruction [4pt] A Framework for Video Generation, Compression, an",drop,2026-08-17 12:31,4,30,17775,research-projects/major_projects/CrystalEconomy/cinematic-reconstruction-v4.tex
"Cinematic Reconstruction [4pt] A Framework for Video Generation, Compression, an",drop,2026-08-17 12:31,3,30,15775,research-projects/major_projects/CrystalEconomy/cinematic-reconstruction-v3.tex
"Cinematic Reconstruction [4pt] A Framework for Video Generation, Compression, an",drop,2026-08-17 12:31,2,30,13957,research-projects/major_projects/CrystalEconomy/cinematic-reconstruction-v2.tex
"Cinematic Reconstruction [4pt] A Framework for Video Generation, Compression, an",drop,2026-08-17 12:31,1,22,10187,research-projects/major_projects/CrystalEconomy/cinematic-reconstruction-v1.tex
"Spectacle Runtime and the Compression of Meaning: Temporal Form, Social Media, a",KEEP by draft number,2026-02-25 00:07,1,44,7222,alphabet/Spectacle Runtime - draft 01.tex
"Spectacle Runtime and the Compression of Meaning: Temporal Form, Social Media, a",drop,2026-02-25 00:07,,47,9044,alphabet/Spectacle Runtime.tex
Repair Categories and the Local Geometry of Continuation,KEEP by citations/length,2026-07-19 23:34,,8,6959,research-projects/history/repair-categories.tex
Repair Categories and the Local Geometry of Continuation,drop,2026-07-19 23:34,,8,5096,research-projects/history/draft/repair-categories.tex
"Identity as Event History [0.4em] Irreversibility, Commitment, and the Ontology ","KEEP by development, CHECK",2026-03-23 01:29,,27,22111,spherepop/identity_as_event_history.tex
"Identity as Event History [0.4em] Irreversibility, Commitment, and the Ontology ",drop,2026-03-23 01:29,1,31,11796,spherepop/identity_as_event_history-v1.tex
"Holocoordinate Systems: Multidifference Observation, Transition Structure, and R",KEEP by date,2026-09-21 09:17,,11,9018,research-projects/unsorted/holocoordinate-systems-revised.tex
"Holocoordinate Systems: Multidifference Observation, Transition Structure, and R",drop,2026-09-20 03:13,,8,4263,research-projects/unsorted/holocoordinate-systems.tex
"Interface Ecologies: Motor Language, Process Invocation, and Computational Unive",KEEP by draft number,2026-03-11 17:19,2,124,15394,calculus/interface_ecologies_v2.tex
"Interface Ecologies: Motor Language, Process Invocation, and Computational Unive",drop,2026-03-11 17:19,,90,8362,calculus/interface_ecologies.tex
Constraint-First Gauge Gravity: Toward a Reconstruction of the Standard Model fr,KEEP by date,2026-05-09 22:45,,19,15209,alphabet/physics/gauge-gravity.tex
Constraint-First Gauge Gravity: Toward a Reconstruction of the Standard Model fr,drop,2026-05-07 17:18,0,18,11092,alphabet/physics/archive/gauge-gravity-v0.tex
