repo,path,title,words,cites,cites_per_1k,bib_entries,score,uncited_claims,uncited_works,stub_sections,unproved,markers,missing_keys,unused_bib
kitbash,cosmology/essay/essay.tex,"Roads Not Taken: Encoding Ratchets in Cinema, Computation, and Cosmology",1558,80,51.35,165,44.02,1,0,50,0,0,50,146
alphabet,economics/Scalar-Extraction-v02.tex,"Scalar Extraction in Platform Capitalism: A Field-Theoretic, Economic, and Algorithmic Theory of Ex…",1651,0,0.0,6,37.74,0,0,46,11,1,0,6
research-projects,theoretical-perspective.tex,"Entropy, Fields, and Civilization: A Theoretical Perspective on RSVP Dynamics",1338,4,2.99,11,32.88,0,0,44,0,0,0,8
research-projects,fixed-point-causality.tex,"Fixed-Point Causality: Physics, Consciousness, and Computation in the Relativistic Scalar–Vector Pl…",1538,0,0.0,12,31.91,0,0,46,0,0,0,12
alphabet,Scalar-Extraction.tex,"Scalar Extraction in Platform Capitalism: A Field-Theoretic, Economic, and Algorithmic Theory of Ex…",1769,0,0.0,6,31.4,0,0,45,7,0,0,6
research-projects,RSVP-meditations.tex,RSVP-meditations.tex,12481,0,0.0,24,30.36,0,0,354,0,0,0,24
kitbash,cosmology/generative_memory.tex,"Non-Markovian Generative Influence: A Unified Framework for Cognition, Cosmology, and Spectroscopy",879,65,73.95,20,27.3,0,0,24,0,0,0,3
alphabet,Never-Predict-Noise-draft-02.tex,Never Predict Noise: Manifold-Aligned Prediction as Generative Inference,5341,24,4.49,26,27.07,2,3,87,7,0,15,19
research-projects,semantic-calculus/EBSSC-draft-02.tex,Entropy-Bounded Sparse Semantic Calculus (EBSSC) A Unified Framework for Geometric Semantics and Sp…,1672,16,9.57,17,26.91,0,0,39,6,0,0,8
kitbash,sandbox/essay/essay.tex,The Moon Should Not Be a Computer,3476,95,27.33,37,23.81,2,0,41,1,0,36,8
alphabet,document/draft/autoregression.tex,AI Minds Decoded: The Math Linking Brains and Machines,1567,209,133.38,100,23.4,0,0,21,0,0,35,11
alphabet,The Ecology of Neoteny - draft 03.tex,The Ecology of Neoteny - draft 03.tex,10123,93,9.19,24,22.45,3,0,108,9,0,20,5
research-projects,polyxan-starspace-specification.tex,POLYXAN--RSVP STARSPACE A Formal Specification for a Xanadu--RSVP Social Hyperstructure with Multi-…,1645,0,0.0,0,19.98,0,0,23,0,0,0,0
kitbash,research/essay/thermal-infrastructure.tex,"A Categorical and Bioeconomic Framework for Useful Computation as Heat, Semantic Merging, and Polyc…",1002,28,27.94,22,19.96,0,0,20,0,0,0,1
research-projects,Irreversibility as Architecture.tex,"Irreversibility as Architecture: Physics, Computation, and the Limits of Transformation",5741,0,0.0,41,19.94,0,0,103,0,0,0,41
research-projects,PlenumHub/monograph.tex,PlenumHub: A Formal Semantic Compute Substrate for Modular Knowledge Systems,3229,4,1.24,0,19.51,0,0,55,8,0,0,0
research-projects,monograph/draft-02.tex,"Takeoff Trajectories in the Stars! RSVP Tech Tree Simulator: Implications for AI Alignment, Civiliz…",3349,2,0.6,13,19.32,3,0,47,2,0,0,11
alphabet,essay/drafts/mind_at_work.tex,Mind at Work: Detecting Agentic Intelligence through the Effective Assembly Index and Praxicon Fram…,944,35,37.08,0,19.07,0,0,18,0,0,0,0
kitbash,physics/RSVP_Study_Guide (1).tex,RSVP Study Guide: A Comprehensive Framework for Relativistic Scalar Vector Plenum,2457,156,63.49,0,18.72,0,0,44,2,0,0,0
research-projects,monograph/draft-03.tex,"Takeoff Trajectories in the Stars! RSVP Tech Tree Simulator: Implications for AI Alignment, Civiliz…",3361,2,0.6,13,18.36,1,0,50,2,0,0,11
antivenom,Culture-and-structural-power.tex,Culture and Structural Power: Mute Compulsion as a General Theory of Social Reproduction,4714,0,0.0,20,18.33,0,0,54,23,0,0,20
kitbash,physics/working/RSVP_Study_Guide - incomplete.tex,RSVP Study Guide: A Comprehensive Framework for Relativistic Scalar Vector Plenum,6215,60,9.65,0,18.26,0,1,112,0,0,0,0
kitbash,physics/working/draft-01/RSVP_Study_Guide.tex,RSVP Study Guide: A Comprehensive Framework for Relativistic Scalar Vector Plenum,4879,202,41.4,46,17.1,0,0,81,0,0,1,0
standardgalactic,Scope Memeplexes.tex,Scope Memeplexes: The Enshittification Crisis as an Interface War,7335,0,0.0,49,16.72,1,0,105,0,0,0,49
kitbash,physics/RSVP_Study_Guide (2).tex,RSVP Study Guide: A Comprehensive Framework for Relativistic Scalar Vector Plenum,4880,197,40.37,0,16.6,0,0,81,0,0,0,0
kitbash,physics/RSVP_Study_Guide (3).tex,RSVP Study Guide: A Comprehensive Framework for Relativistic Scalar Vector Plenum,4879,208,42.63,0,16.6,0,0,81,0,0,0,0
antivenom,economics/upwork_solicitations.tex,upwork_solicitations.tex,1707,0,0.0,0,16.25,5,1,1,0,0,0,0
kitbash,cosmology/constraint_geometry.tex,"Constraint Geometry and Semantic Dynamics: [6pt] A Unified Field Theory of Hierarchical Inference, …",5928,8,1.35,24,16.03,0,0,83,12,0,0,18
alphabet,Flower Wars - Compendium.tex,Flower Wars Compendium and Dramatis Personae,3242,0,0.0,0,15.87,0,0,32,0,0,0,0
kitbash,physics/working/RSVP_Study_Guide.tex,RSVP Study Guide: A Comprehensive Framework for Relativistic Scalar Vector Plenum,10074,199,19.75,47,15.84,0,3,150,0,0,1,0
kitbash,research/math/draft-01/entropic-gravity.tex,The Fall of Space: Entropic Relaxation and Structure Without Expansion in a Scalar-Vector Plenum,823,6,7.29,6,15.8,0,0,13,0,0,0,0
alphabet,aphantasia-essay.tex,"Wordless Imageless Thought [0.35em] A Field-Theoretic Interpretation of Aphantasia, Anendophasia, a…",1913,0,0.0,16,15.59,1,2,19,1,0,0,16
research-projects,to_process/main.tex,"The RSVP--Polyxan Universe: A Unified Theory of Meaning, Curvature, and Verification",87387,13,0.15,0,15.5,2,0,993,181,0,0,0
alphabet,Coherence Before Engagement.tex,Coherence Before Engagement: An Architecture for Persistent Meaning in Digital Systems,9896,0,0.0,28,15.34,5,0,96,21,0,0,28
alphabet,essay/draft-03/monograph.tex,Mind at Work: Detecting Agency through Assembly and Action,12229,282,23.06,64,15.07,3,0,53,0,0,27,40
research-projects,categorical-structure-of-alignment-v1.tex,"The Categorical Structure of Alignment:\ Representation, Motivation, and the Preservation of Normat…",12103,161,13.3,30,15.04,1,0,57,1,0,46,5
alphabet,roadmap/collected-works.tex,collected-works.tex,10257,0,0.0,0,14.82,0,1,89,0,0,0,0
guardrails,processing/amplitwist_paper-v1.tex,"Amplitwist Cascades, Biological Priors, [0.3ex] and the Geometry of Cognitive Transformation",5854,0,0.0,0,14.03,0,0,41,6,0,0,0
research-projects,textmonod-essay/stochastic-revision-models.tex,"Stochastic Revision Models for Document Evolution, Generative Writing Dynamics, and Visualization P…",2747,176,64.07,77,13.83,3,0,29,0,0,0,6
alphabet,The Mortality of Computation.tex,The Mortality of Computation: A Structural Theory of Displacement,7720,0,0.0,20,13.79,1,0,88,0,0,0,20
guardrails,processing/amplitwist_paper-v2.tex,"Amplitwist Cascades, Biological Priors, [0.3ex] and the Geometry of Cognitive Transformation",6470,0,0.0,0,13.42,0,0,41,7,0,0,0
kitbash,research/psychology/draft-02/emotions.tex,From Catharsis to Geometric Bayesianism: RSVP and the Demise of the Hydraulic Model of Emotion,1946,13,6.68,17,13.36,2,0,15,5,0,0,11
kitbash,cursive/essay-sga.tex,Scalar Extraction in Platform Capitalism: From Social Network to Probabilistic Extraction Machine,48724,0,0.0,0,13.24,7,0,332,0,0,0,0
kitbash,cursive/essay.tex,Scalar Extraction in Platform Capitalism: From Social Network to Probabilistic Extraction Machine,48724,0,0.0,0,13.24,7,0,332,0,0,0,0
kitbash,monograph/essay.tex,Scalar Extraction in Platform Capitalism: From Social Network to Probabilistic Extraction Machine,48724,0,0.0,0,13.24,7,0,332,0,0,0,0
research-projects,monograph/draft-01.tex,"Takeoff Trajectories in the Stars! RSVP Tech Tree Simulator: Implications for AI Alignment, Civiliz…",2784,33,11.85,28,13.07,1,0,32,0,0,1,2
kitbash,operations/essay-01/monograph.tex,From RSVP Field Dynamics to TAG Multi-Agent Hierarchies,3490,46,13.18,31,12.75,1,1,36,4,0,0,1
antivenom,event-history-draft-01.tex,"The Deliberate Collapse of Cognitive Multiplicity: Event-Driven Intelligence, Spherepop, and the Re…",2736,0,0.0,0,12.58,0,0,18,0,0,0,0
research-projects,labs/monograph/monograph.tex,"RSVP Dynamics: Scalar--Vector--Entropy Fields, Observer Holography, and the Architecture of Synthet…",26119,0,0.0,0,12.51,0,0,170,0,0,0,0
kitbash,thesis/constraint_closure.tex,"Inference as Constraint Closure: A Variational, Spectral, and Sheaf-Theoretic Framework for Reconst…",4570,10,2.19,25,12.47,0,0,23,34,0,0,15
research-projects,monograph/draft-04.tex,"Takeoff Trajectories in the Stars! RSVP Tech Tree Simulator: Implications for AI Alignment, Civiliz…",8915,2,0.22,13,12.38,3,3,77,2,0,0,11
research-projects,RSVP-Monograph/Volume-II-Applications/main-vol2.tex,": Physical Applications: Cosmology and Gravity [4pt] Emergent Spacetime, Entropic Gravity, and Obse…",8776,0,0.0,4,12.2,0,1,88,0,0,0,4
research-projects,semantic-calculus/EBSSC-draft-01.tex,Entropy-Bounded Sparse Semantic Calculus (EBSSC) A Unified Syntax and Semantics for SpherePOP and L…,11012,111,10.08,62,12.17,0,0,114,20,0,0,1
kitbash,research/psychology/emotions.tex,From Catharsis to Geometric Bayesianism: RSVP and the Demise of the Hydraulic Model of Emotion,2807,15,5.34,17,11.76,1,0,25,5,0,0,10
alphabet,resources/admissible-continuation.tex,Admissible Continuation [1em] A Mathematical Theory of Persistent Systems,28589,0,0.0,41,11.3,0,0,201,65,0,0,41
alphabet,workspace/monograph.tex,"Fixed--Point Causality [0.35em] Physics, Consciousness, and Computation in the Relativistic Scalar-…",11647,53,4.55,21,11.29,0,0,15,0,0,22,15
research-projects,Irreversible-dynamics.tex,Irreversible Dynamics of Entropic Manifolds,5242,0,0.0,17,11.16,0,0,48,0,0,0,17
antivenom,active-inference/surprise-minimization.tex,"Surprise Minimization, Solomonoff Induction, and Expected Free Energy: A Formal Analysis with Curva…",3944,1,0.25,17,11.13,2,10,15,0,0,0,16
research-projects,Collective Intelligence Under Constraint.tex,"Collective Intelligence Under Constraint: Search Efficiency, Horizon Collapse, and Anti-Cognitive P…",5955,0,0.0,18,10.82,2,1,45,0,0,0,18
research-projects,labs/RSVP-Manifold.tex,The RSVP Manifold,1296,0,0.0,0,10.8,0,0,14,0,0,0,0
antivenom,active-inference/variational-curvature.tex,"Variational Curvature, Predictive Geometry, and the Maintenance of Agency",3534,0,0.0,15,10.77,0,0,31,0,0,0,15
research-projects,RSVP-Manifold.tex,The RSVP Manifold,1307,0,0.0,0,10.71,0,0,14,0,0,0,0
research-projects,analysis/github_activity-2.tex,Preliminary Analysis of Developer Activity and Language Ecosystems in a Large GitHub Follow Network,2557,0,0.0,0,10.69,4,0,0,0,0,0,0
kitbash,physics/constraint-accumulation-draft-01.tex,"Time as Irreversible Constraint Accumulation: An Event-Based Interpretation of Proper Time, Entropy…",2451,0,0.0,0,10.49,0,0,7,4,0,0,0
kitbash,thesis/draft-02/thesis.tex,Ledger and Junk: Opacity as the Condition of Generativity in Computational Systems,4169,112,26.86,34,10.24,0,0,1,0,0,22,4
kitbash,research/math/draft-03/entropic-gravity.tex,The Fall of Space: Entropic Relaxation and Structure Without Expansion in a Scalar-Vector Plenum,1208,12,9.93,8,9.93,0,0,12,0,0,0,0
alphabet,Admissible Histories - draft 01.tex,Admissible Histories: The Incongruent Neuron and the Ontological Structure of Error,1019,0,0.0,0,9.81,2,0,4,0,0,0,0
alphabet,economics/scalable-alignment.tex,Toward Scalable Alignment: A Theory of Invariant Objectives Under Optimization and Scale [5pt] (A R…,2843,0,0.0,11,9.74,0,0,21,1,0,0,11
antivenom,event-history-draft-02.tex,"The Deliberate Collapse of Cognitive Multiplicity: Event-Driven Intelligence, Spherepop, and the Re…",18192,4,0.22,1,9.31,0,0,130,3,0,0,0
alphabet,manuscripts/operator-ecology/essay.tex,"Operator Ecology: Linking RSVP, Simulated Agency, and Semantic Infrastructure",1874,0,0.0,0,9.2,0,0,6,0,0,0,0
alphabet,Admissible Histories - Computational Biology.tex,Admissible Histories as a Unifying Principle of Neural Decision-Making,2853,0,0.0,6,9.19,2,5,7,0,0,0,6
research-projects,RSVP-Monograph/Volume-III-Extensions/main-vol3.tex,": Extensions, Interpretations, and New Directions",9505,1,0.11,0,8.94,0,0,59,7,0,0,0
research-projects,recursive-agency/lamphrodynamic-flows.tex,Deep Learning Solvers as Lamphrodynamic Flows in RSVP Field Theory,6574,0,0.0,0,8.89,1,0,15,1,0,0,0
alphabet,The Ecology of Neoteny - draft 02.tex,The Ecology of Neoteny - draft 02.tex,4772,37,7.75,24,8.8,2,0,31,5,0,0,5
kitbash,operations/essay-03/draft-01/essay.tex,Chokepoint Capitalism in Knowledge Infrastructures: An RSVP-Theoretic Analysis,2387,5,2.09,3,8.8,1,0,18,0,0,0,0
kitbash,paradox-of-precaution.tex,The Paradox of Precaution 0.3em How AGI Safety Could Erode Human Trust 0.3em A Thermodynamic Theory…,7375,0,0.0,0,8.71,0,0,18,2,0,0,0
kitbash,research/essay/draft-03/thermal-infrastructure.tex,"A Categorical and Bioeconomic Framework for Useful Computation as Heat, Semantic Merging, and Polyc…",1851,28,15.13,0,8.64,0,0,16,0,0,0,0
kitbash,research/math/draft-02/entropic-gravity.tex,The Fall of Space: Entropic Relaxation and Structure Without Expansion in a Scalar-Vector Plenum,1392,5,3.59,6,8.62,0,0,12,0,0,0,1
kitbash,paradox/draft-02/paper.tex,Quantifying Paradox and Coherence in Structured Systems,2911,4,1.37,5,8.59,1,4,16,0,0,0,3
alphabet,projects/processing/draft-02.tex,MAGI as a Geometric Generalization of Momentum-Based Optimization,5873,183,31.16,18,8.51,0,0,3,0,0,16,0
guardrails,rain-glasses-patent.tex,rain-glasses-patent.tex,4049,0,0.0,0,8.47,0,0,10,0,0,0,0
alphabet,Flower Wars - Draft 01.tex,Flower Wars - Draft 01.tex,4605,0,0.0,0,8.39,0,0,9,0,1,0,0
kitbash,cognitive-dynamics/doombible.tex,"Doombible [0.5em] Inference, Admissibility, Repair, and Distributed Judgment",9930,0,0.0,0,8.11,0,0,17,4,0,0,0
alphabet,Admissible Histories - Cognition.tex,Admissible Histories: Incongruent Neurons and the Temporal Structure of Decision-Making,1540,0,0.0,7,7.84,1,4,0,0,0,0,7
research-projects,progress-report.tex,A Unified Outline of RSVP Research Projects,7910,0,0.0,5,7.75,0,1,44,0,0,0,5
kitbash,paradox/draft-01/paper.tex,Quantifying Paradox and Coherence in Structured Systems,3301,5,1.51,5,7.72,1,3,18,0,0,0,3
kitbash,cosmology/working/draft-01/incompleteness.tex,"Incompleteness, Null Signals, and the Cosmological Plenum",1352,32,23.67,21,7.66,0,0,9,0,0,2,1
alphabet,example/compression-of-expertise.tex,The Compression of Expertise,1818,0,0.0,0,7.65,1,0,0,0,0,0,0
guardrails,processing/amplitwist_paper.tex,"Amplitwist Cascades, Biological Priors, [0.3ex] and the Geometry of Cognitive Transformation",7737,21,2.71,21,7.63,0,0,46,13,0,0,2
alphabet,example/geometry-of-boredom.tex,The Geometry of Boredom [4pt] Compression Progress and the Conditions of Sustained Attention,1869,0,0.0,0,7.61,0,0,0,3,0,0,0
research-projects,analysis/github_developer_lifecycles.tex,Developer Lifecycles and Language Ecosystem Dynamics on GitHub: A Large-Scale Analysis of a Follow …,5178,5,0.97,5,7.6,3,0,20,0,0,0,0
research-projects,Local Tractability and Global Dysfunction.tex,"Local Tractability and Global Dysfunction Institutional Mediation, Epistemic Efficiency, and the Ra…",23265,0,0.0,165,7.59,8,0,106,0,0,0,165
research-projects,paper/flash_reluctance_engine.tex,"A Multimodal Flash--Reluctance Engine: [0.4em] Thermodynamic, Electromagnetic, and Mechanical Coupl…",6412,0,0.0,0,7.56,1,0,7,0,0,0,0
alphabet,Never-Predict-Noise-draft-01.tex,Never Predict Noise: Manifold-Aligned Prediction as Generative Inference,1703,12,7.05,9,7.55,1,0,7,2,0,1,0
alphabet,The Ecology of Neoteny.tex,The Ecology of Neoteny.tex,5568,37,6.65,24,7.54,2,0,31,5,0,0,5
research-projects,analysis/github_developer_lifecycles-draft.tex,Developer Lifecycles and Language Ecosystem Dynamics on GitHub: A Large-Scale Analysis of a Follow …,3601,5,1.39,5,7.5,2,0,21,0,0,0,0
research-projects,polyxan-semantic-hyperstructure-draft.tex,RSVP--Polyxan: A Unified Field Theory of Semantic Hyperstructures,6015,1,0.17,33,7.49,0,0,30,3,0,0,32
antivenom,essay/draft-research-report/research-report.tex,"From Fields to Futures [0.4em] A Recent History of Constraint, Admissibility, and Continuation",52321,0,0.0,0,7.43,10,0,45,0,0,0,0
antivenom,essay/research-report.tex,"From Fields to Futures [0.4em] A Recent History of Constraint, Admissibility, and Continuation",52574,0,0.0,0,7.41,10,0,44,0,0,0,0
alphabet,example/threshold-of-deferral.tex,The Threshold of Deferral [4pt] A Crossover Theorem for Maintenance and Repair,3700,0,0.0,0,7.35,0,0,3,2,0,0,0
antivenom,Authoritative History.tex,Authoritative History and the Limits of Autoregressive Intelligence,10858,0,0.0,31,7.34,7,0,27,8,1,0,31
kitbash,top-level-ontology-draft-01.tex,Toward a Top-Level Ontology of Entropic Histories: A Scalar--Vector--Entropy Foundation for Ontolog…,6751,0,0.0,17,7.33,0,0,34,2,0,0,17
alphabet,Abstraction as Reduction.tex,"Abstraction as Reduction: A Unified Account of Evaluation, Structure, and Proof",32013,5,0.16,0,7.2,0,1,140,3,11,0,0
antivenom,projects/constraint_closure.tex,From Managed Activity to Constraint Closure [0.5em] A Selection-Theoretic Replacement for Bullshit …,1740,0,0.0,0,7.15,0,0,1,1,0,0,0
antivenom,projects/constraint_closure-1.tex,Trajectory and Residue [0.5em] How Work Becomes What Continues to Hold,1772,0,0.0,0,7.13,0,0,1,1,0,0,0
alphabet,economics/scalable-alignment-02.tex,Toward Scalable Alignment: A Theory of Invariant Objectives Under Optimization and Scale,1404,0,0.0,5,7.12,0,0,8,2,0,0,5
standardgalactic,constraint_trajectory_irreversibility.tex,constraint_trajectory_irreversibility.tex,12947,0,0.0,0,7.08,0,0,4,10,0,0,0
abraxas,projects/article.tex,Xylomorphic Computation and Thermodynamic Infrastructure,4242,82,19.33,39,7.07,2,0,24,0,0,0,2
kitbash,processing/unreadability.tex,The Unreadability of Dynamic Readability: An Explicit Specification of a Conceptualization [0.5em] …,5058,0,0.0,0,6.99,0,0,4,1,0,0,0
alphabet,resources/autonomous-systems.tex,autonomous-systems.tex,8259,0,0.0,29,6.96,0,0,38,3,0,0,29
alphabet,Admissible Histories - Neurocomputing.tex,Admissible Histories and the Neural Structure of Error,1515,0,0.0,8,6.95,1,3,0,0,0,0,8
research-projects,working/steam_cellulose_domes.tex,Steam-Formed Cellulose Domes: Morphogenetic Construction Using Intermittent Steam Inflation and Mag…,9471,0,0.0,0,6.95,1,0,6,0,0,0,0
alphabet,Against_Indiscriminate_Visibility.tex,"Against Indiscriminate Visibility: On the Structural Risks of Virality, Publicity, and Exposure",14266,0,0.0,31,6.94,0,1,64,5,0,0,31
kitbash,cosmology/prereq_textbook.tex,"Renormalization, Asymptotic Safety, and the Scalar-Vector Plenum [0.8em] A Mathematical Introduction",11310,0,0.0,0,6.88,1,0,7,0,0,0,0
antivenom,projects/constraint_closure-2.tex,Trajectory and Residue [0.5em] How Work Becomes What Continues to Hold,2315,0,0.0,0,6.86,0,0,1,1,0,0,0
alphabet,research/repair_as_fundamental.tex,Repair as a Fundamental Category Toward an Ontology of Restoration,6346,0,0.0,0,6.79,1,0,0,2,0,0,0
antivenom,Optimization without Restraint.tex,Optimization Without Restraint [0.5em] Gradient Amplification and Extractive Convergence in Digital…,7936,0,0.0,24,6.79,0,0,38,0,0,0,24
kitbash,research/essay/draft-01/thermal-infrastructure.tex,"Entropy as Infrastructure: A Categorical and Bioeconomic Framework for Useful Computation as Heat, …",1930,28,14.51,0,6.74,0,0,13,0,0,0,0
research-projects,paper/ledger-without-value.tex,ledger-without-value.tex,4721,0,0.0,0,6.74,0,1,0,2,0,0,0
research-projects,polyxan-semantic-hyperstructure.tex,RSVP--Polyxan: A Unified Field Theory of Semantic Hyperstructures,7598,1,0.13,33,6.74,0,0,33,3,0,0,32
antivenom,resources/processing/in_progress/draft/main.tex,,26599,0,0.0,0,6.71,2,0,8,1,2,0,0
alphabet,example/draft/recursive-continuation.tex,"Recursive Continuation Autopoiesis, Sympoiesis, and the Compression of Self-Modification",10614,0,0.0,0,6.66,2,0,0,1,0,0,0
alphabet,research/semantic_stability.tex,"Semantic Stability as a Repair Equilibrium Threshold, Attenuation, and Irreversible Collapse in Con…",4533,0,0.0,0,6.66,0,0,0,3,0,0,0
antivenom,resources/processing/in_progress/main.tex,,37792,0,0.0,0,6.64,2,0,7,11,0,0,0
alphabet,aphantasia/extending-aphantasia-essay.tex,Extending ``Wordless Imageless Thought'': Modal Cognition in the Relativistic Scalar--Vector Plenum,14277,10,0.7,44,6.62,3,4,41,10,0,0,35
antivenom,resources/buffer-world.tex,Buffer World A 3D Spatial Tutorial for Real Vim Motions Concept and Technical Specification,8908,0,0.0,0,6.62,1,1,1,0,0,0,0
kitbash,cognitive-dynamics/msdos_monograph.tex,Vocabulary as Moat [0.3em] Microsoft DOS and the Politics of Proprietary Convention,12958,0,0.0,0,6.58,1,3,0,0,0,0,0
alphabet,processing/abstraction-draft-03.tex,"Abstraction as Reduction: A Unified Account of Evaluation, Structure, and Proof",37936,10,0.26,0,6.55,0,1,144,5,11,0,0
antivenom,philosophy/power-of-paranoia.tex,"The Power of Paranoia Privacy, Publicity, Causal Explosion, and the Institutions of Disciplined Dis…",24148,0,0.0,0,6.5,4,0,0,0,0,0,0
kitbash,cosmology/working/draft-05/incompleteness.tex,"Incompleteness, Null Signals, and the Cosmological Plenum",1692,31,18.32,25,6.5,0,0,11,0,0,0,3
alphabet,research/screenplay_as_program.tex,"The Historical Screenplay as Spherepop Program Executable History, Semantic Collapse, and Three Not…",6140,0,0.0,0,6.49,0,0,0,3,0,0,0
kitbash,cosmology/working/draft-04/incompleteness.tex,"Incompleteness, Null Signals, and the Cosmological Plenum",3528,84,23.81,21,6.48,0,0,7,0,0,9,0
alphabet,example/ecology-of-constraints.tex,The Ecology of Constraints [4pt] Feasibility and Diversity in Constraint Populations,2222,0,0.0,0,6.45,0,0,0,1,0,0,0
alphabet,screenplay/companion.tex,companion.tex,22182,0,0.0,0,6.45,1,4,1,0,0,0,0
alphabet,workspace/essay.tex,"The Physics of Understanding: Fixed-Point Causality, Cognitive Resource Theory, and the Thermodynam…",5506,0,0.0,13,6.45,2,1,17,0,0,0,13
alphabet,research/language_as_constraint_field.tex,"Language as Constraint Field Grammar, Repair, and Admissibility in Semantic Manifolds",6842,0,0.0,0,6.44,0,0,0,3,0,0,0
antivenom,rhetoric/empathic-killing-machines.tex,Empathic Killing Machines,4597,0,0.0,0,6.44,0,0,0,0,1,0,0
research-projects,Aurora/biodiversity-as-infrastructure.tex,Biodiversity as Infrastructure [0.5em] Toward the Universalization of Living Roofs: [0.2em] A Therm…,5151,0,0.0,0,6.39,0,0,1,1,0,0,0
antivenom,projects/constraint_closure-3.tex,Trajectory and Residue [0.5em] How Work Becomes What Continues to Hold,2783,0,0.0,0,6.36,0,0,0,1,0,0,0
alphabet,Flower Wars.tex,Flower Wars.tex,11789,0,0.0,0,6.34,0,0,4,0,0,0,0
antivenom,rhetoric/Friction as Inoculation.tex,"Friction as Inoculation: [4pt] Null Preservation, Bounded Difficulty, [2pt] and the Architecture of…",10869,8,0.74,14,6.32,0,0,45,2,0,0,7
alphabet,screenplay/noumenal-attractors.tex,"Noumenal Attractors [0.6em] Swedenborg, Kant, and the RSVP Field: A Unified Interpretation Across C…",19324,0,0.0,0,6.31,1,0,3,0,0,0,0
alphabet,pipeline/pipeline_specification.tex,"Specification of the Distinction-First Pipeline: Continuation, Accretion, and Externalized Memory i…",7503,0,0.0,0,6.27,0,0,0,0,1,0,0
alphabet,screenplay/boundary-papers.tex,boundary-papers.tex,15086,0,0.0,0,6.27,0,0,0,0,2,0,0
antivenom,essay/hyperpleonastic-legibility.tex,"Hyperpleonastic Legibility: Selector Fields, Recoverable Information Density, and Civilizational In…",10531,0,0.0,15,6.27,0,0,45,0,0,0,15
alphabet,screenplay/the_fixed_point/main.tex,main.tex,25962,0,0.0,0,6.23,2,0,0,0,0,0,0
kitbash,thesis/draft-03/thesis.tex,Ledger and Junk: Opacity as the Condition of Generativity in Computational Systems,4314,122,28.28,38,6.23,0,0,1,0,0,12,4
alphabet,physics/processing/univalent-photonics.tex,"Univalent Photonics 0.5em Coherence, Transport, and Admissibility Geometry",13784,1,0.07,27,6.21,1,0,55,0,0,0,26
alphabet,pipeline/continuation_operators.tex,Continuation Operators: A Formal Model of Prompt Chains,4753,0,0.0,0,6.21,0,0,0,1,0,0,0
antivenom,Aesthetic Saturation.tex,Aesthetic Saturation and the Erosion of Voluntary Attention in Algorithmic Social Media,4965,0,0.0,0,6.2,0,0,1,0,0,0,0
antivenom,Interface-opacity.tex,Interface Opacity and the Suppression of Agency: Dark Patterns in Contemporary AI Interaction,5207,0,0.0,0,6.19,0,0,0,1,0,0,0
alphabet,screenplay/the_incoherence/main-v1.tex,main-v1.tex,14312,0,0.0,0,6.14,0,0,0,0,1,0,0
alphabet,screenplay/the_incoherence/main.tex,main.tex,14312,0,0.0,0,6.14,0,0,0,0,1,0,0
alphabet,screenplay/city_of_brutes.tex,city_of_brutes.tex,34195,0,0.0,0,6.06,0,0,0,0,1,0,0
kitbash,paperbot/draft/paperbot-parliament.tex,Paperbot Parliament: A Multi-Agent Framework for Distinction-Centered Document Analysis [0.6em] Con…,4191,0,0.0,13,6.06,1,0,13,1,0,0,13
alphabet,essay/monograph.tex,Mind at Work: Detecting Agency through Assembly and Action,3982,94,23.61,64,6.03,1,0,21,0,0,0,13
abraxas,machine-intelligence/projection-before-pressure.tex,Projection Before Pressure: Toward Nose-Free Eyeglasses and the Eventual Abolition of the Nose as a…,2931,0,0.0,0,6.0,0,0,0,0,0,0,0
abraxas,machine-intelligence/semantic-trajectory-encoding.tex,Semantic Trajectory Encoding for Generative Music Reconstruction: A Formal Specification and Theore…,5837,0,0.0,0,6.0,0,0,0,0,0,0,0
alphabet,The Incoherence - draft 01.tex,The Incoherence - draft 01.tex,4085,0,0.0,0,6.0,0,0,0,0,0,0,0
alphabet,The Incoherence.tex,The Incoherence.tex,4097,0,0.0,0,6.0,0,0,0,0,0,0,0
alphabet,de-architechtura.tex,de-architechtura.tex,4107,0,0.0,0,6.0,0,0,0,0,0,0,0
alphabet,de-architectura.tex,de-architectura.tex,4207,0,0.0,0,6.0,0,0,0,0,0,0,0
alphabet,example/against-eventless-ontology.tex,Against Eventless Ontology [4pt] Two Failures of State-Sufficiency,2222,0,0.0,0,6.0,0,0,0,0,0,0,0
alphabet,example/history-before-function.tex,History Before Function [4pt] Compression as the Origin of Operators,3041,0,0.0,0,6.0,0,0,0,0,0,0,0
alphabet,pipeline/history_preserving_erasing.tex,History-Preserving and History-Erasing Operators: A Theory of Information Retention in Continuation…,2079,0,0.0,0,6.0,0,0,0,0,0,0,0
alphabet,pipeline/publication_as_projection.tex,The Ladder and the Artifact: Publication as Projection,3840,0,0.0,0,6.0,0,0,0,0,0,0,0
alphabet,processing/abstraction-draft-04.tex,Abstraction as Reduction: Philosophical Version,5035,0,0.0,0,6.0,0,0,0,0,0,0,0
alphabet,screenplay/city_of_brutes_inventory.tex,"City of Brutes [0.4em] Extended Scene Inventory [0.2em] All scenes, complete and planned",4661,0,0.0,0,6.0,0,0,0,0,0,0,0
alphabet,screenplay/processing/main.tex,main.tex,11716,0,0.0,0,6.0,0,0,0,0,0,0,0
alphabet,screenplay/visions-of-a-spirit-seer.tex,visions-of-a-spirit-seer.tex,2886,0,0.0,0,6.0,0,0,0,0,0,0,0
alphabet,screenplay/visions-pitch-document.tex,visions-pitch-document.tex,2585,0,0.0,0,6.0,0,0,0,0,0,0,0
antivenom,diatribe - draft 01.tex,"Facebook and the Degradation of Social Reality: Advertising, Attention, and Structural Harm",2232,0,0.0,0,6.0,0,0,0,0,0,0,0
antivenom,resources/synthetic_sociality.tex,"The Hollow Network [0.5em] Synthetic Sociality, Metric Misalignment, and the Politics of Legibility…",4343,0,0.0,0,6.0,0,0,0,0,0,0,0
antivenom,resources/synthetic_sociality_v2.tex,synthetic_sociality_v2.tex,6700,0,0.0,0,6.0,0,0,0,0,0,0,0
kitbash,On Gaudiness.tex,On Gaudiness Taste as Expressive Restraint,5106,0,0.0,0,6.0,0,0,0,0,0,0,0
kitbash,cognitive-dynamics/aniara.tex,aniara.tex,10637,0,0.0,0,6.0,0,0,0,0,0,0,0
kitbash,cognitive-dynamics/msdos_monograph_chapter1.tex,Vocabulary as Moat [0.3em] Microsoft DOS and the Politics of Proprietary Convention,1646,0,0.0,0,6.0,0,0,0,0,0,0,0
research-projects,analysis/github_activity-1.tex,Preliminary Analysis of Developer Activity and Language Ecosystems in a Large GitHub Follow Network,1955,0,0.0,0,6.0,0,0,0,0,0,0,0
research-projects,framework/order-of-arrival.tex,"The Order of Arrival: [4pt] Density, Balance, and Transient Structure in the Evolution of Random Gr…",3960,0,0.0,0,6.0,0,0,0,0,0,0,0
research-projects,active-inference/monograph.tex,"Simulated Agency as Active Control: A Unified Framework Integrating Choice Theory, Perceptual Contr…",12011,104,8.66,53,5.99,0,10,57,0,0,0,18
alphabet,screenplay/visions-and-boundaries.tex,"Visions and Boundaries: Swedenborg, Kant, and the Modern Crisis of Mind",1378,0,0.0,18,5.81,0,0,8,0,0,0,18
kitbash,research/math/draft-05/entropic-gravity.tex,The Fall of Space: Entropic Relaxation and Structure Without Expansion in a Scalar-Vector Plenum,3449,13,3.77,5,5.74,0,0,6,0,0,8,0
alphabet,aphantasia/quantum-spherepop.tex,Quantum SpherePop [0.35em] The RSVP Field in Complex Phase Space,8928,2,0.22,7,5.7,0,0,32,1,0,0,5
alphabet,roadmap/states_without_histories.tex,States Without Histories: Latent Reasoning as Admissibility-Field Traversal,4438,0,0.0,17,5.61,1,8,0,1,0,0,17
alphabet,physics/Inflation without Expansion.tex,Inflation without Expansion,3260,13,3.99,20,5.52,1,0,15,0,0,0,11
research-projects,framework/mechanical_inheritance.tex,"Mechanical Inheritance [0.4em] Collagen, Prenatal Movement, Maternal Matrix, and the Extracellular …",6881,18,2.62,18,5.52,6,0,14,6,0,0,0
kitbash,research/working/draft-01/essay.tex,From Frailty and Waste to Informational Security: RSVP as a Foundation for Idea Routing and Civic C…,10703,29,2.71,16,5.51,1,0,56,0,0,0,4
antivenom,Induced Homogeneity.tex,Induced Homogeneity Aspirational Pages and the Collapse of Meaning Under Engagement Optimization,6602,0,0.0,17,5.48,1,0,20,0,0,0,17
kitbash,Ecphoric Synthesis.tex,"Ecphoric Synthesis and Event-Historical Algebra A Formal Framework for Persistent Knowledge, Memory…",9542,0,0.0,24,5.46,1,0,30,0,0,0,24
kitbash,research/working/draft-02/essay.tex,From Frailty and Waste to Informational Security: RSVP as a Foundation for Idea Routing and Civic C…,10264,30,2.92,16,5.46,1,0,53,0,0,0,2
alphabet,Counterfactual Explanation as Perceptual Control.tex,Counterfactual Explanation as Perceptual Control,15067,2,0.13,0,5.38,1,0,33,15,0,0,0
kitbash,cognitive-dynamics/fusion-without-recovery.tex,Fusion Without Recovery [0.3em] Genome Architecture as Distinction Holonomy [0.3em] An Interpretive…,8463,0,0.0,1,5.37,1,17,0,0,0,0,1
kitbash,processing/essay/main.tex,From Gossip to Chokepoint Capitalism: Cycles of Semantic Constraint,1878,43,22.9,26,5.29,0,0,9,0,0,1,2
alphabet,projects/field-ontologies.tex,Field Ontologies of the RSVP Stack: From Scalar Smoothing to Cognitive Closure (Revised),2901,19,6.55,49,5.17,0,0,13,2,0,0,35
alphabet,essay/draft-01/monograph.tex,Mind at Work: Detecting Agency through Assembly and Action,8546,154,18.02,0,5.15,2,0,34,0,2,0,0
alphabet,document/the-witness-plane.tex,"The Witness Plane [5pt] Admissibility, Verification, and Commitment in Event Systems",27865,11,0.39,11,5.12,5,0,72,0,0,0,0
kitbash,cosmology/essay/draft-01/essay.tex,"Roads Not Taken: Encoding Ratchets in Cinema, Computation, and Cosmology",11086,20,1.8,225,5.1,0,3,52,0,0,0,207
kitbash,research/working/essay.tex,From Frailty and Waste to Informational Security: RSVP as a Foundation for Idea Routing and Civic C…,10394,38,3.66,16,5.1,1,0,50,0,0,0,1
kitbash,essay/draft-01/paper.tex,Entropic Paradoxes in Big Tech Critique: A Formal Analysis Through the RSVP Framework,1539,41,26.64,19,5.05,1,0,4,0,0,1,1
alphabet,cosmology/main.tex,main.tex,26130,33,1.26,41,5.03,2,15,51,20,16,0,24
kitbash,operations/essay-02/draft-03.tex,The Role of Silence in Knowledge Systems,2785,15,5.39,24,5.03,1,0,11,0,0,0,13
kitbash,cosmology/rsvp_cosmology.tex,"Cosmological Observables Without Expansion: A Scalar--Vector--Entropy Field Theory of Redshift, Lum…",6797,7,1.03,9,5.0,1,4,21,4,0,0,5
research-projects,Local Tractability and Global Dysfunction - draft 01.tex,"Local Tractability and Global Dysfunction Epistemic Efficiency, Institutional Ritual, and the Logic…",4364,0,0.0,17,4.98,0,0,13,0,0,0,17
alphabet,research/dynamics-of-learning.tex,"The Dynamics of Learning: Excess Capacity, Interpolation, and Cognitive Structure",30295,30,0.99,29,4.97,4,0,78,0,0,0,0
research-projects,recursive-agency/monograph.tex,Recursive Agency and the Geometry of the Relativistic Scalar--Vector Plenum: A Unified Field Theory…,3639,11,3.02,69,4.95,0,0,17,1,0,0,60
kitbash,paperbot/paperbot-parliament.tex,Paperbot Parliament: A Multi-Agent Framework for Distinction-Centered Document Analysis [0.6em] Con…,5113,0,0.0,13,4.93,1,0,11,1,0,0,13
antivenom,persistence/proxy_permanence_failure.tex,"Proxy Permanence Failure [0.4em] Carbon Governance, Biodiversity, and the Collapse of Admissibility…",13011,48,3.69,41,4.8,7,11,20,5,0,0,21
alphabet,The Genius of Silence.tex,The Genius of Silence Ludwig Wittgenstein and the Discipline of Clarity,12573,0,0.0,19,4.7,0,0,34,0,0,0,19
alphabet,manuscripts/cognitive-action/essay.tex,The Cognitive Action: Reinforcement as Field,6317,0,0.0,14,4.69,1,0,14,0,0,0,14
kitbash,cognitive-dynamics/rain-on-the-parade.tex,Rain on the Parade [0.3em] Why Wanting Affection Is Not the Same as Craving Oxytocin,3212,7,2.18,5,4.67,5,0,0,0,0,0,0
kitbash,economics/essay.tex,Recursive Futarchy,8826,12,1.36,20,4.61,0,0,15,8,0,4,12
alphabet,example/hidden-files/procedural-ontology.tex,Procedural Ontology: The Metaphysics of Code Generation A Relativistic Scalar--Vector Plenum (RSVP)…,13378,0,0.0,11,4.54,1,0,28,3,0,0,11
kitbash,cosmology/rsvp_cosmology-1.tex,"Cosmological Observables Without Expansion: A Scalar--Vector--Entropy Field Theory of Redshift, Lum…",7500,8,1.07,9,4.53,1,4,21,4,0,0,5
kitbash,cosmology/rsvp_cosmology_v2-1.tex,"Cosmological Observables Without Expansion: A Scalar--Vector--Entropy Field Theory of Redshift, Lum…",8476,9,1.06,9,4.48,1,6,21,5,0,0,5
alphabet,science/the_refractive_self-v1.tex,the_refractive_self-v1.tex,23083,17,0.74,14,4.47,0,0,37,20,0,0,5
alphabet,cosmology/multiscale-constraint-flow.tex,multiscale-constraint-flow.tex,5681,0,0.0,30,4.46,0,0,7,7,0,0,30
kitbash,research/math/draft-04/entropic-gravity.tex,The Fall of Space: Entropic Relaxation and Structure Without Expansion in a Scalar-Vector Plenum,2689,8,2.98,8,4.46,0,0,12,0,0,0,0
alphabet,manuscripts/geodesics_of_attention_v1.tex,"Geodesics of Attention Cinema, Gesture, and the Perceptual Manifold",4103,4,0.97,13,4.44,0,0,7,3,0,0,9
antivenom,rhetoric/Friction as Inoculation - Draft 01.tex,Friction as Inoculation: Holistic Training Under Bounded Difficulty,7489,0,0.0,6,4.4,0,0,18,0,0,0,6
kitbash,cosmology/working/draft-02/incompleteness.tex,"Incompleteness, Null Signals, and the Cosmological Plenum",2355,55,23.35,21,4.4,0,0,8,0,0,2,0
kitbash,operations/essay-02/draft-02.tex,The Role of Silence in Knowledge Systems,2956,12,4.06,24,4.4,1,0,10,0,0,0,13
antivenom,Constraint Before Capability.tex,"Constraint Before Capability: Admissibility, Governance Failure, and the Structure of Intelligent P…",12957,0,0.0,143,4.39,0,0,28,3,0,0,143
research-projects,The Narrow Path.tex,"The Narrow Path Between Domination and Chaos: Consent, Coordination, and Structural Control in the …",15477,0,0.0,24,4.39,6,0,19,0,0,0,24
kitbash,cosmology/rsvp_cosmology_v2.tex,"Cosmological Observables Without Expansion: A Scalar--Vector--Entropy Field Theory of Redshift, Lum…",8341,9,1.08,9,4.38,1,5,21,5,0,0,5
kitbash,research/math/draft-06/entropic-gravity.tex,The Fall of Space: Entropic Relaxation and Structure Without Expansion in a Scalar-Vector Plenum,2765,13,4.7,13,4.34,0,0,12,0,0,0,0
antivenom,diatribe.tex,"Facebook and the Structural Degradation of Social Reality: Advertising, Attention, and Civilization…",9023,0,0.0,24,4.33,3,0,9,3,0,0,24
alphabet,cognition-research/unreachable-futures.tex,"The Sociology of Unreachable Futures [0.6em] Aniara, Repair, and the Problem of Continuation",98686,0,0.0,305,4.31,1,1,222,1,0,0,305
antivenom,monograph/blockchain-critique.tex,"The Useless Work Problem in Blockchain Economies: Thermodynamics, Semantic Structure, and Cognitive…",9597,145,15.11,24,4.27,2,2,32,0,0,0,0
kitbash,paperbot/orientation-monograph.tex,orientation-monograph.tex,19043,9,0.47,26,4.26,13,0,0,4,0,0,19
research-projects,Persistence Before Efficiency.tex,Persistence Before Efficiency A Constraint-First Theory of Civilization,4969,0,0.0,13,4.21,0,0,11,0,0,0,13
alphabet,manuscripts/normalization_without_convergence_v1.tex,"Normalization Without Convergence: [6pt] Large Language Models, Linguistic Entropy, and the Myth of…",9074,7,0.77,14,4.2,3,0,11,0,0,0,9
alphabet,processing/geometry_of_closure.tex,geometry_of_closure.tex,6983,16,2.29,0,4.15,1,0,10,16,0,0,0
alphabet,essay/draft-02/monograph.tex,Mind at Work: Detecting Agency through Assembly and Action,4604,46,9.99,0,4.13,1,0,16,0,0,0,0
alphabet,processing/Constraint Before Reference.tex,"Constraint Before Reference: Operator Semantics, Reification, and Symbolic Conflict",12105,17,1.4,45,4.13,1,0,44,3,0,0,36
antivenom,essay/draft-01/monograph.tex,Divided We Stand: RSVP and the Limits of Coherence in AI Safety,1462,45,30.78,12,4.1,0,0,6,0,0,0,0
kitbash,processing/Draft 3.tex,"The Politics of Oracle-Free Evaluation: Constraint, Generativity, and the Problem of Validation",2157,0,0.0,17,4.09,0,3,0,0,0,0,17
alphabet,Embodied Constraint.tex,"Embodied Constraint and Minimal Assembly: [0.5em] Articulation, Markedness, and the Economy of Stro…",8169,0,0.0,23,4.08,0,0,17,0,0,0,23
research-projects,Homotopy and Identity.tex,Homotopy and Identity A Dynamical Foundation for Upper-Level Ontology,7799,0,0.0,19,4.05,1,0,13,0,0,0,19
antivenom,economics/participation_without_guarantee.tex,Participation Without Guarantee: A Field-Theoretic Critique of Upwork as a Probabilistic Marketplace,3484,0,0.0,7,4.01,1,0,4,0,0,0,7
kitbash,research/math/entropic-gravity.tex,The Fall of Space: Entropic Relaxation and Structure Without Expansion in a Scalar-Vector Plenum,2742,13,4.74,13,4.01,0,0,11,0,0,0,0
antivenom,projects/survival-is-insufficient.tex,survival-is-insufficient.tex,10655,0,0.0,28,3.97,0,0,0,21,0,0,28
alphabet,cognition-research/essay/monograph.tex,The Geometry of Recognition,8578,109,12.71,38,3.96,0,0,34,0,0,0,4
kitbash,operations/essay-03/essay-03.tex,Chokepoint Capitalism in Knowledge Infrastructures: An RSVP-Theoretic Analysis,4078,5,1.23,3,3.92,1,0,13,0,0,0,0
kitbash,cognitive-dynamics/proof-and-countermodel/main.tex,main.tex,5223,0,0.0,3,3.91,0,0,8,0,1,0,3
kitbash,essay/draft-02/paper.tex,Entropic Paradoxes in Big Tech Critique: A Formal Analysis Through the RSVP Framework,1776,41,23.09,19,3.88,1,0,3,0,0,1,1
antivenom,Authoritative History - overview.tex,Authoritative History and the Limits of Autoregressive Intelligence,1056,0,0.0,5,3.79,0,0,2,2,0,0,5
alphabet,processing/distributed_industrial_cloud.tex,"Toward a Distributed Industrial Cloud [0.5em] Peer-to-Peer Infrastructure for Material Production, …",12487,0,0.0,37,3.76,3,0,11,2,0,0,37
guardrails,rain-glasses-paper.tex,rain-glasses-paper.tex,3993,3,0.75,5,3.75,0,0,7,0,0,0,2
antivenom,The Hostile Interface.tex,The Hostile Interface: Advertising Saturation and the Collapse of the Social Information Environment,5621,9,1.6,21,3.74,0,0,21,0,0,0,12
kitbash,cognitive-dynamics/binding-before-revision.tex,Binding Before Revision: Symbolic Structure and the Admissibility Boundary in Neural Representations,1721,0,0.0,1,3.74,1,0,0,0,0,0,1
antivenom,event-history.tex,"The Deliberate Collapse of Cognitive Multiplicity: Event-History, Architectural Constraint, and the…",8214,0,0.0,1,3.7,0,0,14,0,0,0,1
alphabet,framework/Cursive Galactic/unified-encodings.tex,"Relativistic Scalar Vector Plenum: Unified Encodings Across Physics, Cognition, and Semantic Systems",5688,109,19.16,49,3.69,0,0,21,0,0,0,5
alphabet,framework/SGA/unified-encodings.tex,"Relativistic Scalar Vector Plenum: Unified Encodings Across Physics, Cognition, and Semantic Systems",5687,109,19.17,49,3.69,0,0,21,0,0,0,5
alphabet,framework/unified-encodings.tex,"Relativistic Scalar Vector Plenum: Unified Encodings Across Physics, Cognition, and Semantic Systems",5687,109,19.17,49,3.69,0,0,21,0,0,0,5
alphabet,roadmap/representation-without-faithfulness.tex,"Representation Without Faithfulness\[1em] Projection Failure, Distinction Preservation,\ and the Ge…",57084,0,0.0,36,3.66,5,0,79,1,0,0,36
kitbash,cosmology/Axial Holonomy - draft 01.tex,Axial Holonomy and Visibility-Weighted Coherence: Cosmic Birefringence in the Relativistic Scalar--…,7375,0,0.0,21,3.63,0,0,12,0,0,0,21
research-projects,RSVP-Monograph/Volume-I-Foundations/main-vol1.tex,: Mathematical Foundations of Lamphrodynamic Field Theory,15652,56,3.58,3,3.58,1,0,47,6,0,0,0
alphabet,monograph/essay.tex,"Consciousness as Gait: The RSVP--CPG Framework for Cyclical Cognition, Memory, and Sleep",14431,57,3.95,31,3.57,1,3,42,0,1,0,0
alphabet,processing/Exaptation Under Delayed Evaluation.tex,Exaptation Under Delayed Evaluation: Selection-Pressure Management as a Mechanism of Creative Intel…,10822,0,0.0,15,3.57,0,0,9,8,0,0,15
research-projects,Constraints-without-Commitment.tex,Constraints Without Commitment: On the Limits of Algebraic Unification in Contemporary Deep Learning,6986,0,0.0,16,3.57,1,0,5,3,0,0,16
alphabet,science/the_refractive_self.tex,the_refractive_self.tex,38585,36,0.93,30,3.5,0,0,34,24,0,0,9
research-projects,Gallery Before Feed - draft 01.tex,Gallery Before Feed: Why Engagement-Optimized Interfaces Destroy Coherence and How Merge-Aware Syst…,7351,0,0.0,19,3.5,0,0,11,0,0,0,19
standardgalactic,epistemology/markedness_capability.tex,Markedness and Capability: A Theory of Downward Projection,5998,0,0.0,7,3.5,0,0,6,3,0,0,7
kitbash,processing/Draft 2.tex,"The Politics of Oracle-Free Evaluation: Constraint, Generativity, and the Problem of Validation",3031,0,0.0,30,3.48,0,3,0,0,0,0,30
standardgalactic,rsvp-jepa.tex,Joint Embedding Predictive Architectures as Amortized Constraint Satisfaction in the Relativistic S…,5454,4,0.73,5,3.47,0,4,0,2,0,0,1
research-projects,framework/replottable-not-rerunnable.tex,"Replottable, Not Rerunnable [4pt] What a Figure Repository Lets a Reader Check",2643,15,5.68,8,3.41,3,0,0,0,0,0,0
alphabet,manuscripts/normalization_without_convergence.tex,"Normalization Without Convergence: [6pt] Large Language Models, Linguistic Entropy, and the Myth of…",16503,7,0.42,14,3.39,3,0,11,3,0,0,9
antivenom,futurology/xylomorphic-premise.tex,"-1.2cm The Xylomorphic Premise [0.5em] Waste Heat, Physical Co-Computation, and the Architecture of…",6646,0,0.0,7,3.35,3,0,0,0,0,0,7
antivenom,rhetoric/Friction as Inoculation - Draft 02.tex,"Friction as Inoculation: [4pt] Null Preservation, Bounded Difficulty, [2pt] and the Architecture of…",5639,5,0.89,12,3.24,0,0,5,2,0,0,8
antivenom,processing/Monetization-of-Redundancy.tex,The Monetization of Redundancy: Tokenization and the Enclosure of Computation,9912,0,0.0,19,3.21,2,0,6,0,0,0,19
research-projects,Order and Obfuscation.tex,"Order and Obfuscation [0.5em] Abstraction, Layering, and the Architecture of Computation",5040,0,0.0,20,3.19,0,0,6,0,0,0,20
alphabet,processing/SITH Theory - draft 02.tex,"Substrate Independent Thinking Hypothesis (SITH): Life, Meaning, and the Autocatalytic Closure of I…",7757,0,0.0,20,3.16,3,0,0,0,0,0,20
alphabet,Admissible Histories.tex,Admissible Histories: The Incongruent Neuron and the Ontological Structure of Error,8808,0,0.0,14,3.14,3,0,1,0,0,0,14
alphabet,pipeline/retention_before_retrieval.tex,Retention Before Retrieval: Sparse Distinction and the Cost of Carrying a Past,6139,0,0.0,5,3.14,0,0,0,7,0,0,5
antivenom,resources/processing/draft/plenumhub-polyxan.tex,PlenumHub / Polyxan Toward a Source-First Publishing Substrate,10296,7,0.68,7,3.02,1,1,5,1,0,0,0
standardgalactic,epistemology/selection_without_design.tex,"-1cm Selection Without Design [0.5em] Constraint, Projection, and the Geometry of the Unseen",21048,0,0.0,18,3.0,1,0,11,7,0,0,18
guardrails,memory/hyperbionic_reading.tex,Hyperbionic Reading: A Visual Projection of Prosodic Parameter Space,15898,5,0.31,8,2.94,0,0,0,13,1,0,4
alphabet,SITH Theory.tex,"Substrate Independent Thinking Hypothesis (SITH): Life, Meaning, and the Autocatalytic Closure of I…",9723,0,0.0,14,2.93,3,0,0,0,0,0,14
alphabet,pipeline/what-survives-reconstruction.tex,"What Survives Reconstruction [0.4em] Admissibility, Irreversibility, and the Architecture of Extern…",27813,0,0.0,13,2.93,5,2,0,6,1,0,13
alphabet,example/recursive-continuation.tex,"Recursive Continuation Autopoiesis, Sympoiesis, and the Compression of Self-Modification",17578,0,0.0,18,2.91,5,0,0,1,0,0,18
alphabet,projects/processing/draft-01.tex,MAGI and the Geometry of Learning: A Stratified Riemannian Framework Extending SGDM,6559,0,0.0,28,2.91,1,2,0,0,0,0,28
kitbash,cosmology/Axial Holonomy - draft 02.tex,Axial Holonomy and Visibility-Weighted Coherence: [4pt] Cosmic Birefringence in the Relativistic Sc…,3848,102,26.51,60,2.86,0,0,11,0,0,0,4
kitbash,essay/draft-03/paper.tex,Entropic Paradoxes in Big Tech Critique: A Formal Analysis Through the RSVP Framework,2563,41,16.0,19,2.84,1,0,3,0,0,1,1
alphabet,processing/SITH Theory - draft 01.tex,"Substrate Independent Thinking Hypothesis (SITH): Life, Meaning, and the Autocatalytic Closure of I…",7290,0,0.0,20,2.82,2,0,0,0,0,0,20
kitbash,Everlasting Redshift.tex,Everlasting Redshift Apparent Expansion in a Relaxing Universe,9145,0,0.0,29,2.82,1,3,0,0,0,0,29
research-projects,unsorted/distinction-holonomy.tex,"Distinction Holonomy: A Gauge Theory of Persistence, Repair, and Continuation [0.3em] with a Worked…",9797,0,0.0,37,2.82,0,0,3,5,0,0,37
guardrails,projection_constraint_irreversibility.tex,projection_constraint_irreversibility.tex,9881,1,0.1,42,2.81,0,0,0,8,0,0,41
kitbash,Admissibility and Renormalization.tex,Admissibility and Renormalization Geometry as an Effective Interface,8623,0,0.0,14,2.81,0,0,7,0,0,0,14
standardgalactic,research/notes/structural_ideas.tex,"On the Formation of Structural Ideas: Constraint Accumulation, Projection, and Convergence Across D…",7842,25,3.19,29,2.81,0,0,16,6,0,0,8
alphabet,manuscripts/hidden_manifolds.tex,"Hidden Manifolds [0.5em] Optimal Transport, Accessibility Landscapes, and the Reconstruction of Con…",13761,37,2.69,31,2.8,6,13,0,1,0,0,8
alphabet,working/drafts/constraint-propagation.tex,Propagating Constraint Fields and Dynamic Structural Redistribution: Toward a Field-Theoretic Inter…,9820,23,2.34,30,2.75,2,10,0,6,0,0,13
kitbash,cosmology/Axial Holonomy - draft 03.tex,Axial Holonomy and Visibility-Weighted Coherence: [4pt] Cosmic Birefringence in the Relativistic Sc…,6179,117,18.94,68,2.75,0,0,16,1,0,0,4
alphabet,aphantasia/quantum-spherepop-draft-01.tex,Quantum SpherePop: The RSVP Field in Complex Phase Space,1476,0,0.0,9,2.71,0,0,4,0,0,0,9
alphabet,framework/drafts/everything_is_a_clipboard.tex,everything_is_a_clipboard.tex,24698,0,0.0,68,2.69,0,0,11,6,0,0,68
kitbash,irreversible-histories.tex,Irreversible Histories as Ontological Primitives: A Constraint-First Foundation for Dynamic Ontolog…,8886,0,0.0,17,2.68,0,0,6,0,0,0,17
antivenom,Monetization-of-Redundancy.tex,The Monetization of Redundancy: Tokenization and the Enclosure of Computation,9309,0,0.0,19,2.64,2,0,0,0,0,0,19
antivenom,framework/fragility-metacrisis.tex,"Broken Tools for a Breaking World: AI Fragility, the Four Races, and the Metacrisis",11022,6,0.54,39,2.64,1,0,0,4,0,0,36
antivenom,manuscript/essay.tex,A Spoonful of Poison: How Toxic Scaffolds Shape Genius,1902,77,40.48,25,2.63,0,0,5,0,0,0,0
antivenom,typology-of-failure.tex,A Typology of Theoretical Failure: How Mathematical Formalism Decouples from Physical Meaning,11775,78,6.62,20,2.63,1,4,22,0,0,0,2
alphabet,framework/everything_is_a_clipboard.tex,everything_is_a_clipboard.tex,27463,0,0.0,68,2.62,0,0,11,6,0,0,68
alphabet,soup/draft/nothing-original.tex,Nothing Original Need Survive,33794,26,0.77,92,2.62,0,0,17,4,0,0,88
alphabet,soup/nothing-original.tex,Nothing Original Need Survive,33794,26,0.77,92,2.62,0,0,17,4,0,0,88
alphabet,manuscripts/geodesics_of_attention_v2.tex,"Geodesics of Attention [4pt] Cinema, Gesture, and the Geometry of Perception",4593,15,3.27,16,2.61,0,0,7,5,0,0,2
alphabet,manuscripts/geodesics_of_attention_v3_cursive.tex,"Geodesics of Attention [4pt] Cinema, Gesture, and the Geometry of Perception",4593,15,3.27,16,2.61,0,0,7,5,0,0,2
alphabet,manuscripts/geodesics_of_attention_v3_nova.tex,"Geodesics of Attention [4pt] Cinema, Gesture, and the Geometry of Perception",4593,15,3.27,16,2.61,0,0,7,5,0,0,2
alphabet,manuscripts/geodesics_of_attention_v3_sga.tex,"Geodesics of Attention [4pt] Cinema, Gesture, and the Geometry of Perception",4593,15,3.27,16,2.61,0,0,7,5,0,0,2
antivenom,essay/monograph.tex,Divided We Stand: RSVP and the Limits of Coherence in AI Safety,2685,45,16.76,12,2.61,0,0,7,0,0,0,0
kitbash,cosmology/dynamics_of_theory_space.tex,dynamics_of_theory_space.tex,25029,0,0.0,42,2.6,0,2,12,0,0,0,42
alphabet,document/autoregression.tex,"Constraint, Continuity, and Cognitive Structure: A Unified Framework Linking Autoregressive Minds, …",6006,73,12.15,111,2.58,0,1,11,0,0,1,69
guardrails,memory/hyperbionic_reading-draft.tex,Hyperbionic Reading: A Visual Projection of Prosodic Parameter Space,8646,1,0.12,4,2.58,0,0,0,3,1,0,3
antivenom,active-inference/surprise-minimization-draft-01.tex,"Complexity-Weighted Surprise Minimization as a Variational Field Theory: Continuous, Functional-Ana…",5827,22,3.78,0,2.57,0,0,15,0,0,0,0
kitbash,Metric Interface Dynamics.tex,From Irreversible Constraint to Metric Interface Dynamics,8720,0,0.0,14,2.57,1,0,2,0,0,0,14
research-projects,Gallery Before Feed.tex,Gallery Before Feed: Why Engagement-Optimized Interfaces Destroy Coherence and How Merge-Aware Syst…,10998,0,0.0,20,2.55,0,0,6,0,0,0,20
kitbash,cognitive-dynamics/inference-under-constraint/main.tex,main.tex,3673,0,0.0,4,2.54,0,0,2,0,0,0,4
antivenom,resources/plenumhub-polyxan.tex,PlenumHub / Polyxan Toward a Source-First Publishing Substrate,18781,11,0.59,11,2.51,1,1,4,1,0,0,0
kitbash,philosophy/thinking-like-rust.tex,Thinking Like Rust,53547,19,0.35,11,2.51,4,1,12,0,1,0,0
alphabet,ecology/geometry_of_rewiring.tex,"The Geometry of Rewiring: Ecological Networks, Admissible Trajectories, and the Conservation of Tra…",18109,3,0.17,32,2.5,3,0,0,0,0,0,30
antivenom,sociology/remote_work.tex,remote_work.tex,8307,8,0.96,35,2.48,0,0,0,4,0,0,27
alphabet,roadmap/flyxion_briefing.tex,"Process, Distinction, and Reachability [0.6em] A Comprehensive Briefing on the Flyxion Research Pro…",17916,0,0.0,71,2.45,0,0,6,0,1,0,71
research-projects,unsorted/epistemology-of-repair.tex,The Epistemology of Repair,4861,0,0.0,3,2.41,0,0,0,0,1,0,3
alphabet,soup/book-latex-source/main.tex,Contradiction and Continuation: [0.3em] A Constraint-Theoretic Derivation of Non-Classical Logic,20502,12,0.59,8,2.39,1,0,3,0,1,0,0
alphabet,manuscripts/geometry_of_constraints.tex,"The Geometry of Constraints [0.6em] Adversarial Representations, Fibrational Semantics, and the Dep…",8344,0,0.0,26,2.36,0,0,3,0,0,0,26
alphabet,research/obstruction-cohomology.tex,"Obstruction Cohomology and the Topology of Failure Constraint Closure Across Differential, Recursiv…",8267,5,0.6,15,2.36,0,0,0,3,0,0,12
antivenom,essay/structural-honesty.tex,Structural Honesty: The Preservation of Recoverable Warrant Across Transformations,8409,1,0.12,19,2.36,1,0,0,0,0,0,18
research-projects,working/capital_order_rsvp.tex,capital_order_rsvp.tex,15275,0,0.0,28,2.36,0,1,0,4,0,0,28
alphabet,Neural Commit Semantics - draft 01.tex,Neural Commit Semantics and the Algebraic Structure of Language,2851,0,0.0,11,2.35,0,0,1,0,0,0,11
alphabet,working/function_survives_collapse.tex,"Function Survives Collapse [0.4em] Admissibility, Entropy Flow, and the Geometry of Persistent Comp…",25398,18,0.71,4,2.35,1,0,0,6,0,0,0
antivenom,projects/ownership-without-understanding.tex,"Ownership Without Understanding: Obstruction, Deskilling, and the Sheaf-Theoretic Geometry of Extra…",6418,27,4.21,37,2.34,0,0,13,2,0,0,17
research-projects,Physics After Spacetime.tex,Physics After Spacetime Deriving Physical Law from Irreversible Entropy Flow,7387,0,0.0,13,2.34,0,1,1,0,0,0,13
kitbash,thesis/draft-01/thesis.tex,Ledger and Junk: Opacity as the Condition of Generativity in Computational Systems,3798,79,20.8,30,2.32,0,0,5,0,0,2,1
research-projects,paper/entropic-decimation.tex,"Constraint Closure and Entropic Decimation: Toward a Unified Field Theory of Computation, Cognition…",6495,25,3.85,26,2.31,2,0,9,0,0,0,7
research-projects,paper/admissibility-log.tex,"The Admissibility Log [0.5em] Resolution, Commitment, and the Geometry of Action",7142,2,0.28,9,2.28,0,0,2,0,0,0,7
alphabet,science/the_refractive_self-v2.tex,the_refractive_self-v2.tex,25978,35,1.35,30,2.27,0,0,37,22,0,0,9
kitbash,cosmology/working/draft-03/incompleteness.tex,"Incompleteness, Null Signals, and the Cosmological Plenum",3119,72,23.08,21,2.24,0,0,7,0,0,0,0
alphabet,epistemology/collapse-of-epistemic-coherence.tex,"The Collapse of Epistemic Coherence [8pt] Language Models, Synthetic Formalism, and the Industriali…",55413,0,0.0,50,2.22,4,0,0,0,0,0,50
alphabet,working/constraint-propagation.tex,Propagating Constraint Fields and Dynamic Structural Redistribution: Toward a Field-Theoretic Inter…,13633,25,1.83,31,2.2,2,12,0,6,0,0,13
kitbash,Transformation Before Representation.tex,"Transformation Before Representation: A Compositional Operator Basis for Cognition, Gesture, and Na…",9878,0,0.0,24,2.2,0,0,2,0,0,0,24
antivenom,rhetoric/reversibility-gate.tex,"The Reversibility Gate [4pt] Evidence, Delay, and Action Under Unsettled Claims",4797,9,1.88,11,2.19,3,1,0,0,0,0,2
antivenom,economics/structural_convergence.tex,structural_convergence.tex,5639,0,0.0,5,2.18,0,0,0,1,0,0,5
antivenom,Artificial Coordination.tex,"The Age of Artificial Coordination Optimization, Entropy, and the Collapse of Conserved Meaning",11923,0,0.0,40,2.17,0,0,2,0,0,0,40
standardgalactic,epistemology/manufacturing_credulity.tex,manufacturing_credulity.tex,5934,0,0.0,14,2.17,0,0,0,1,0,0,14
alphabet,physics/cosmology/persistence_of_structure.tex,persistence_of_structure.tex,6843,0,0.0,30,2.15,0,0,1,0,0,0,30
antivenom,essay/paracosms-of-the-strange.tex,paracosms-of-the-strange.tex,11909,6,0.5,29,2.13,0,1,0,0,0,0,24
alphabet,processing/Bootstrapping Utopia.tex,Bootstrapping Utopia 0.5em A Constraint-First Blueprint for Civilizational Persistence,31718,0,0.0,26,2.09,1,0,0,0,0,0,26
antivenom,resources/geometry_of_correction.tex,geometry_of_correction.tex,24840,0,0.0,21,2.08,0,0,2,0,0,0,21
research-projects,Noun-Free Cognition.tex,"Noun-Free Cognition: Difficulty, Abstraction, and the Mobility of Computation",15112,0,0.0,24,2.07,0,0,1,0,0,0,24
standardgalactic,research/macro-economics.tex,Clickbait Empire: Robin Hanson and the Tension Between Intellectual Openness and Media Spectacle,968,53,54.75,17,2.07,0,0,2,0,0,0,0
research-projects,framework/the-comparison-table.tex,"The Comparison Table [4pt] Boundaries, Estimates, and the Revision of a Benchmark",2932,14,4.77,6,2.05,2,0,0,0,0,0,0
alphabet,manuscripts/amplitwist-cortical-columns/essay.tex,Amplitwist Cortical Columns as Universal Geometric Operators,1496,28,18.72,16,2.01,0,0,3,0,0,0,0
alphabet,Flower Wars - Bounded Violence.tex,Bounded Violence An Interpretive Essay on Flower Wars,4681,0,0.0,18,2.0,0,0,0,0,0,0,18
alphabet,From Minerals to Minds.tex,From Minerals to Minds: Irreversibility and the Physical Origins of Intelligence,7525,0,0.0,12,2.0,0,0,0,0,0,0,12
alphabet,document/admissibility_crisis.tex,The Admissibility Crisis [0.4em] On the Collapse of Future Option Space,10854,0,0.0,25,2.0,0,0,0,0,0,0,25
alphabet,manuscripts/geometry_of_constraints_v1.tex,"The Geometry of Constraints [0.6em] Adversarial Representations, Fibrational Semantics, and the Dep…",6713,0,0.0,20,2.0,0,0,0,0,0,0,20
alphabet,pipeline/merger_coordinate_legibility.tex,"Merger, Coordinate, and Legibility: Why Ensemble Casts Fail to Cohere",3785,3,0.79,3,2.0,0,0,0,0,0,0,0
antivenom,Against Namespace Laundering - draft 01.tex,Against Namespace Laundering,4546,0,0.0,17,2.0,0,0,0,0,0,0,17
antivenom,Against Namespace Laundering - draft 02.tex,Against Namespace Laundering,9047,0,0.0,43,2.0,0,0,0,0,0,0,43
antivenom,Against Namespace Laundering.tex,Against Namespace Laundering,7095,0,0.0,43,2.0,0,0,0,0,0,0,43
antivenom,Dark Patterns.tex,Dark Patterns: Generative Music Platforms as Predatory Cultural Infrastructure,6668,0,0.0,28,2.0,0,0,0,0,0,0,28
antivenom,Negative One Indexing.tex,"Negative One Indexing: On Intentional Regression, Cognitive Safety, and the Ethics of Deletion",3850,0,0.0,21,2.0,0,0,0,0,0,0,21
antivenom,The Commodification of Categories.tex,The Commodification of Categories Platform Economics and the Collapse of Epistemic Gatekeeping,4509,0,0.0,20,2.0,0,0,0,0,0,0,20
antivenom,The Polemic Debt.tex,The Polemic Debt Critical Momentum and the Cognitive Economics of Refutation,16018,0,0.0,18,2.0,0,0,0,0,0,0,18
antivenom,When Engagement Stops Pointing.tex,When Engagement Stops Pointing: Goodhart’s Law and the Collapse of Social Discovery,5983,0,0.0,20,2.0,0,0,0,0,0,0,20
antivenom,boundaries/vanity_publishing.tex,vanity_publishing.tex,6230,0,0.0,11,2.0,0,0,0,0,0,0,11
antivenom,essay/glossfero-essay.tex,Glossfero and Popo: Safe Repository Cartography and a Grammar for Naming Under Exception,8521,1,0.12,5,2.0,0,0,0,0,0,0,4
antivenom,proxy_integrity.tex,proxy_integrity.tex,7900,0,0.0,11,2.0,0,0,0,0,0,0,11
antivenom,rhetoric/repartitioning-convention.tex,"Repartitioning Convention: Pebbles, Punched Cards, and the Migration of Schema",5564,0,0.0,7,2.0,0,0,0,0,0,0,7
kitbash,Ephemeral Feeds.tex,"Ephemeral Feeds and the Erasure of Context: Memory, Auditability, and the Design of Algorithmic Att…",5206,0,0.0,17,2.0,0,0,0,0,0,0,17
kitbash,The Failure of Project Xanadu.tex,The Failure of Project Xanadu,4089,0,0.0,14,2.0,0,0,0,0,0,0,14
kitbash,cognitive-dynamics/verification-boundary.tex,"The Verification Boundary [0.3em] Fluency, Expertise, and the Endogenous Construction of Epistemic …",6320,6,0.95,6,2.0,0,0,0,0,0,0,0
kitbash,paperbot/geometry-of-control.tex,"The Geometry of Control [0.5em] Admissibility, Reachability, and Projection Collapse in Prisoners o…",15332,2,0.13,24,2.0,0,0,0,0,0,0,23
kitbash,workspace/operator-ecology.tex,Operator Ecology,4921,0,0.0,3,2.0,0,0,0,0,0,0,3
research-projects,Personal Superintelligence.tex,"Personal Superintelligence and the Collapse of the Feed Algorithmic Coherence, Attention Economies,…",25211,0,0.0,37,2.0,0,0,0,0,0,0,37
research-projects,RSVP-Monograph/RSVP-Theory.tex,"The Relativistic Scalar--Vector Plenum Constraint, History, and Entropy in a Non-Expanding Universe",23535,6,0.25,0,2.0,0,0,0,0,0,0,0
research-projects,The Ergonomics of Prediction - draft 01.tex,"The Ergonomics of Prediction: Gesture, Ergodicity, and the Cost of Micro-Friction in Trace-based Ke…",3627,0,0.0,10,2.0,0,0,0,0,0,0,10
research-projects,The Ergonomics of Prediction.tex,"The Ergonomics of Prediction: Gesture, Ergodicity, and the Cost of Micro-Friction in Trace-Based Ke…",6484,0,0.0,13,2.0,0,0,0,0,0,0,13
research-projects,unsorted/modality-heading.tex,"Modality-Heading Communication, Cognitive Operators, and Dependence on Form",14602,4,0.27,13,2.0,0,0,0,0,0,0,9
research-projects,unsorted/rehearsable-abstraction.tex,Rehearsable Abstraction: Editable Expansion as a Regime of Implementation Visibility,4300,1,0.23,4,2.0,0,0,0,0,0,0,3
standardgalactic,Music/eight-letter-keyboard.tex,-1.5cm The Eight-Letter Keyboard [0.4em] Finger-Channel Invariance and the Motor Grammar of Text En…,5503,4,0.73,6,2.0,0,0,0,0,0,0,2
research-projects,Aurora/gesture-before-symbol-draft.tex,Gesture Before Symbol: Recovering Latent Structure in Keyboard Input,9700,51,5.26,15,1.96,0,0,19,0,0,0,0
antivenom,world-models.tex,"World Models, Structural Constraints, and Deterministic Histories: A Unified Critique of Autoregres…",1040,0,0.0,4,1.92,0,0,0,2,0,0,4
alphabet,physics/cosmology/admissible-geometry-v0.tex,Admissibility Geometry and the MOND Transition [0.4em] Reconstruction Obstruction as an Alternative…,8948,56,6.26,21,1.9,0,0,17,0,0,0,0
alphabet,Neural Commit Semantics.tex,Neural Commit Semantics and the Algebraic Structure of Language,1322,0,0.0,5,1.89,0,1,1,0,0,0,5
alphabet,Never-Predict-Noise.tex,Never Predict Noise: Manifold-Aligned Prediction as Generative Inference,18595,21,1.13,33,1.88,0,0,34,1,0,0,19
kitbash,essay/paper.tex,Entropic Paradoxes in Big Tech Critique: A Formal Analysis Through the RSVP Framework,2678,41,15.31,19,1.87,1,0,2,0,0,0,0
alphabet,manuscripts/introduction/essay.tex,essay.tex,809,0,0.0,0,1.85,0,1,0,0,0,0,0
antivenom,The Assumption of Surplus.tex,"The Assumption of Surplus: Startup Culture, Advertising Economies, and the Boundary Conditions of G…",9780,93,9.51,60,1.84,1,0,14,1,0,0,0
research-projects,Aurora/gesture-before-symbol.tex,Gesture Before Symbol: Recovering Latent Structure in Keyboard Input,10398,57,5.48,18,1.83,0,0,19,0,0,0,0
alphabet,constraint-geometry/field-space.tex,field-space.tex,18299,23,1.26,33,1.78,9,1,2,2,0,0,14
kitbash,audio-analysis/main.tex,"Acoustic Occupation [0.6em] Salience, Recovery, and the Temporal Organization of Film Sound",15349,35,2.28,28,1.76,6,0,7,0,1,0,0
alphabet,physics/cosmology/admissible-geometry-v1.tex,Admissibility Geometry and the MOND Transition [0.4em] Reconstruction Obstruction as an Alternative…,11268,56,4.97,21,1.69,0,0,19,0,0,0,0
kitbash,operations/essay-02/draft-01.tex,The Role of Silence in Knowledge Systems,3349,9,2.69,24,1.64,1,1,1,0,0,0,15
alphabet,projects/axioms-for-a-falling-universe.tex,axioms-for-a-falling-universe.tex,6169,27,4.38,28,1.62,0,2,3,4,0,0,11
alphabet,attention-essay.tex,"The Coordinate-System Error: Misdiagnosis in the Theories of Attention, Efficiency, and Technologic…",11839,85,7.18,15,1.6,0,0,16,3,0,0,0
kitbash,paperbot/reachability_systems.tex,"Civilizations as Reachability Systems [0.4em] A Geometric Reading of Turchin, McKee, and the Biolog…",3474,21,6.04,28,1.44,1,0,2,0,0,0,14
research-projects,essay/behavioural-capture.tex,Behavioural Capture and Authoritarianism: A Field Theory of Autonomy in the Predictive Age,3516,66,18.77,21,1.42,0,0,5,0,0,0,5
research-projects,framework/the-location-of-chance.tex,"The Location of Chance [4pt] Locality, Naming, and the Parts of a Hybrid Machine",2172,16,7.37,9,1.38,1,0,0,0,0,0,0
alphabet,physics/cosmology/admissible-geometry.tex,Admissibility Geometry and the MOND Transition [0.4em] Reconstruction Obstruction as an Alternative…,13857,56,4.04,21,1.37,0,0,19,0,0,0,0
alphabet,biology/closure_of_closures.tex,closure_of_closures.tex,5438,11,2.02,19,1.29,2,0,0,1,0,0,9
kitbash,draft/geometry-as-computational-infrastructure.tex,Orthodromic Infrastructure Blueprint [0.5em] A Long-Term Architectural Specification for Civil Conv…,23018,34,1.48,23,1.26,5,0,1,13,0,0,0
alphabet,document/civic_simulator.tex,"Civilizations as Hypotheses Simulation, Repair, and the Architecture of Admissible Futures",6476,8,1.24,16,1.24,2,0,0,0,1,0,8
antivenom,resources/synthetic_sociality_v3-2.tex,synthetic_sociality_v3-2.tex,10106,165,16.33,0,1.24,1,1,8,0,0,0,0
research-projects,paper/error_as_obstruction.tex,error_as_obstruction.tex,5854,23,3.93,23,1.2,0,0,4,3,0,0,8
kitbash,geometry-as-computational-infrastructure.tex,Orthodromic Infrastructure Blueprint [0.5em] A Long-Term Architectural Specification for Civil Conv…,25712,45,1.75,27,1.13,5,0,1,13,0,0,0
research-projects,framework/the-easy-phase.tex,"The Easy Phase [4pt] Instance Hardness, Released Data, and a Photonic Ising Machine",2763,25,9.05,11,1.09,1,0,0,0,0,0,0
kitbash,top-level-ontology-draft-02.tex,Toward a Top-Level Ontology of Entropic Histories: A Scalar--Vector--Entropy Foundation for Ontolog…,9393,10,1.06,17,1.06,0,0,10,0,0,0,7
antivenom,rhetoric/counterfactual-before-comparison.tex,Counterfactual Before Classification: Vaccine Injury and the False Partition of Beneficiaries and V…,8588,35,4.08,23,1.05,3,0,0,0,0,0,0
antivenom,boundaries/escape_velocity.tex,"Escape Velocity: Austerity, Field Dynamics, and the Endogenous Regulation of Transformation",10216,23,2.25,16,0.98,1,0,7,0,0,0,2
kitbash,philosophy/structural-semantics.tex,Structural Semantics,37889,160,4.22,58,0.98,6,2,16,0,0,0,0
research-projects,framework/the-spin-count.tex,"The Spin Count [4pt] Component, System, and Composed Capacity in a 96,000-Spin Ising Machine",3165,18,5.69,6,0.95,1,0,0,0,0,0,0
antivenom,resources/synthetic_sociality_v3-3.tex,synthetic_sociality_v3-3.tex,13698,179,13.07,0,0.91,1,1,8,0,0,0,0
kitbash,physics/processing/constraint-accumulation.tex,"Time as Irreversible Constraint Accumulation: An Event-Based Interpretation of Proper Time, Entropy…",11403,84,7.37,58,0.88,0,0,9,1,0,0,5
kitbash,physics/constraint-accumulation.tex,"Time as Irreversible Constraint Accumulation: An Event-Based Interpretation of Proper Time, Entropy…",11955,84,7.03,44,0.84,0,0,9,1,0,0,0
research-projects,framework/liquid_light.tex,Liquid Light and the Unsupported Nucleus: A 2021 Private Cosmology as a Baseline for Generative Com…,4910,20,4.07,17,0.81,1,0,0,1,0,0,0
research-projects,unsorted/arranged-conditions.tex,Arranged Conditions [0.4em] Two Accounts of the Same Fear,7670,8,1.04,8,0.78,2,0,0,0,0,0,0
kitbash,projects/shape-of-search.tex,"The Shape of Search [4pt] Reachability, Measurement, and Attraction in Physical, Cognitive, and Con…",11981,63,5.26,28,0.75,3,0,0,0,0,0,0
kitbash,thesis/thesis.tex,Ledger and Junk: Opacity as the Condition of Generativity in Computational Systems,4347,131,30.14,40,0.73,0,0,1,0,0,1,4
research-projects,working/constraint-first-topology.tex,"Constraint-First Topology: Foam Cobordisms, Nilpotent Transport, and Immersed Singularities as Admi…",6938,27,3.89,82,0.72,1,0,0,2,0,0,79
research-projects,working/distributed_cognition.tex,"Distributed Minds and Generative Substrates: Threshold Diffusion, Causal Insulation, and the Archit…",7729,17,2.2,27,0.71,0,1,1,3,0,0,14
kitbash,essay/knowledge-ecosystems.tex,"The Thermodynamics of Knowledge Ecosystems 0.5em Entropy, Freedom, and the Ethics of Repair",10819,107,9.89,38,0.65,0,0,7,0,0,0,0
research-projects,Aurora/recomposable-fragmentation.tex,recomposable-fragmentation.tex,6331,75,11.85,36,0.63,0,0,0,4,0,0,0
antivenom,essay/counterfactual.tex,"The Power to Choose the Counterfactual: Effective Demand, Intersubjectivity Collapse, and the Archi…",9998,11,1.1,18,0.6,2,0,0,0,0,0,8
research-projects,major_projects/CrystalEconomy/cinematic-reconstruction-v1.tex,"Cinematic Reconstruction [4pt] A Framework for Video Generation, Compression, and Diagnosis via Per…",10187,22,2.16,19,0.59,1,0,0,3,0,0,1
antivenom,boundaries/synthetic_trajectories.tex,synthetic_trajectories.tex,10408,11,1.06,13,0.58,2,0,0,0,0,0,4
alphabet,soup/consistency-constraints.tex,Consistency Constraints and the Geometry of Learned Representations,10477,24,2.29,25,0.57,1,2,0,0,0,0,1
alphabet,Spectacle Runtime.tex,"Spectacle Runtime and the Compression of Meaning: Temporal Form, Social Media, and the Reformatting…",9044,47,5.2,35,0.55,0,0,0,5,0,0,1
antivenom,monograph/unfinishable-games.tex,Unfinishable Games: Real-Time Structure as a Distinct Mechanism of Extraction,5575,16,2.87,12,0.54,1,0,0,0,0,0,0
alphabet,roadmap/procedural-attention.tex,Procedural Generation of Attention: Gaze Trajectories and the Grammar of Cinematic Space,14431,19,1.32,54,0.49,2,0,0,1,0,0,38
research-projects,major_projects/CrystalEconomy/cinematic-reconstruction-v7.tex,"Cinematic Reconstruction [4pt] A Framework for Video Generation, Compression, and Diagnosis via Per…",20662,30,1.45,27,0.48,1,0,0,7,0,0,1
research-projects,major_projects/CrystalEconomy/cinematic-reconstruction-v6.tex,"Cinematic Reconstruction [4pt] A Framework for Video Generation, Compression, and Diagnosis via Per…",19314,30,1.55,27,0.47,1,0,0,6,0,0,1
alphabet,working/drafts/function_survives_collapse.tex,"Function Survives Collapse [0.4em] Admissibility, Entropy Flow, and the Geometry of Persistent Comp…",17256,18,1.04,4,0.46,1,0,0,5,0,0,0
research-projects,major_projects/CrystalEconomy/cinematic-reconstruction-v4.tex,"Cinematic Reconstruction [4pt] A Framework for Video Generation, Compression, and Diagnosis via Per…",17775,30,1.69,27,0.45,1,0,0,5,0,0,1
alphabet,framework/descent-into-reality.tex,Descent into Reality From Learning Systems to Field Dynamics,6814,19,2.79,37,0.44,0,0,2,1,0,0,21
research-projects,major_projects/CrystalEconomy/cinematic-reconstruction-v3.tex,"Cinematic Reconstruction [4pt] A Framework for Video Generation, Compression, and Diagnosis via Per…",15775,30,1.9,27,0.44,1,0,0,4,0,0,1
research-projects,major_projects/CrystalEconomy/cinematic-reconstruction-v2.tex,"Cinematic Reconstruction [4pt] A Framework for Video Generation, Compression, and Diagnosis via Per…",13957,30,2.15,27,0.43,1,0,0,3,0,0,1
alphabet,screenplay/compression_after_expansion.tex,"Compression After Expansion: On Skill, Misattribution, and the Ethics of Visible Structure",7323,12,1.64,12,0.41,0,0,0,3,0,0,0
research-projects,major_projects/CrystalEconomy/cinematic-reconstruction-v5.tex,"Cinematic Reconstruction [4pt] A Framework for Video Generation, Compression, and Diagnosis via Per…",19645,30,1.53,27,0.41,1,0,0,5,0,0,1
kitbash,asymptotic_safety.tex,Constraints of Asymptotically Safe Quantum Gravity on Scalar-Tensor Theories and Cosmic Strings,14922,332,22.25,73,0.4,1,0,3,0,0,0,6
kitbash,projects/rerouted-observable.tex,"The Rerouted Observable [0.3em] Self-Interaction, Scalar Sirens, and the Inverse Probe of Invisible…",3866,14,3.62,10,0.39,0,1,0,0,0,0,0
research-projects,categorical-structure-of-alignment.tex,"The Categorical Structure of Alignment [0.4em] Representation, Motivation, and the Preservation of …",20457,120,5.87,60,0.39,2,0,0,2,0,0,7
antivenom,resources/synthetic_sociality_v3-1.tex,synthetic_sociality_v3-1.tex,7864,135,17.17,0,0.38,1,0,0,0,0,0,0
antivenom,resources/synthetic_sociality_v3.tex,synthetic_sociality_v3.tex,7864,135,17.17,0,0.38,1,0,0,0,0,0,0
research-projects,framework/precursor_is_not_supply.tex,"Precursor Is Not Supply [0.4em] Glutathione, Sulfur, and the Narrative Closure of Supplement Chains",5429,10,1.84,10,0.37,0,0,1,1,0,0,0
alphabet,cosmology/three_smoothing_mechanisms.tex,"Three Smoothing Mechanisms in Early Cosmology: Inflaton, Geometric, and Lamphrodyne Relaxation",8624,27,3.13,16,0.35,0,0,2,1,0,0,0
research-projects,unsorted/sparse-recursive-holographic-steganography.tex,Sparse Recursion for Holographic Steganography [0.3em] Distributed Secret Fields Under Adaptive Com…,5695,8,1.4,7,0.35,0,0,0,2,0,0,0
kitbash,processing/mundus_subterraneus.tex,mundus_subterraneus.tex,13521,25,1.85,21,0.33,0,1,3,0,0,0,2
research-projects,unsorted/holocoordinate-systems-revised.tex,"Holocoordinate Systems: Multidifference Observation, Transition Structure, and Residual Growth in E…",9018,11,1.22,10,0.33,1,0,0,0,0,0,0
research-projects,framework/load_bearing_words.tex,"Load-Bearing Words [0.4em] Meaning, Consequence, Revision, and Deletion in Language",6273,11,1.75,10,0.32,0,0,0,2,0,0,0
alphabet,research/noise-becomes-structure.tex,"When Noise Becomes Structure: Microbiomes, Projection Failure, and the Recovery of Ecological Organ…",5629,31,5.51,24,0.27,0,1,0,0,0,0,4
antivenom,projects/constraint_closure-4.tex,Trajectory and Residue [0.5em] How Work Becomes What Continues to Hold,3736,26,6.96,22,0.27,0,0,0,1,0,0,0
antivenom,projects/constraint_closure-5.tex,Trajectory and Residue [0.5em] How Work Becomes What Continues to Hold,3753,26,6.93,22,0.27,0,0,0,1,0,0,0
kitbash,controversial-topics/background/monograph.tex,"The Noise Tax: Entropy, Responsibility, and the Economics of Coherence",10947,25,2.28,27,0.27,0,0,3,0,0,0,9
abraxas,machine-intelligence/continuity-without-capability.tex,"Continuity Without Capability: Recurrent State, Exact Replay, and the Limits of a Proven Path",11977,29,2.42,24,0.25,1,0,0,0,0,0,0
antivenom,opinion/quiet_battlefield.tex,The Quiet Battlefield: Algorithmic Governance and the Violence of the Mundane,6060,37,6.11,20,0.25,0,1,0,0,0,0,0
alphabet,research/topology_of_intention.tex,The Topology of Intention [0.4em] Process-Based Identity and the Geometric Binding of the Self,4281,22,5.14,21,0.23,0,0,1,0,0,0,3
kitbash,cognitive-dynamics/etiology-of-progress.tex,"The Etiology of Progress [0.3em] Admissibility Across Brains, Molecules, Energy, and Institutions",27729,52,1.88,49,0.22,2,0,0,0,0,0,0
kitbash,cognitive-dynamics/synthetic-testimony.tex,"Synthetic Testimony: Doctrine, Conditioning, and the Consciousness-Interview Genre",7779,10,1.29,9,0.19,0,1,0,0,0,0,0
research-projects,delta-sigma-modulators/main.tex,"Delta--Sigma Modulators and Data Converters: [6pt] A Field-Theoretic Approach to Quantization, Nois…",92037,148,1.61,0,0.19,3,1,6,1,0,0,0
antivenom,essay/contraction-of-the-possible.tex,"The Contraction of the Possible [0.5em] Enshittification, Artificial Scarcity, and the Manufacture …",51997,54,1.04,46,0.03,0,1,0,0,0,0,0
abraxas,machine-intelligence/affect-before-architecture.tex,Affect Before Architecture: Anthropomorphic Interfaces as a Proxy for Capability,6249,15,2.4,15,0.0,0,0,0,0,0,0,1
alphabet,Abstraction as Reduction - colophon.tex,Abstraction as Reduction: A Proof--Theoretic and Computational Perspective,1375,0,0.0,0,0.0,0,0,0,0,0,0,0
alphabet,Spectacle Runtime - draft 01.tex,"Spectacle Runtime and the Compression of Meaning: Temporal Form, Social Media, and the Reformatting…",7222,44,6.09,34,0.0,0,0,0,0,0,0,1
alphabet,framework/beyond_prediction_error.tex,Beyond Prediction Error: Toward an Ecological and Topological Theory of Cognition,19395,21,1.08,15,0.0,0,0,0,0,0,0,0
alphabet,manuscripts/island-of-equations/island-of-equations.tex,island-of-equations.tex,973,0,0.0,0,0.0,0,0,0,0,0,0,0
alphabet,physics/archive/gauge-gravity-v0.tex,Constraint-First Gauge Gravity: Toward a Reconstruction of the Standard Model from RSVP Field Geome…,11092,18,1.62,42,0.0,0,0,0,0,0,0,33
alphabet,physics/gauge-gravity.tex,Constraint-First Gauge Gravity: Toward a Reconstruction of the Standard Model from RSVP Field Geome…,15209,19,1.25,43,0.0,0,0,0,0,0,0,33
antivenom,Against-the-Extinction-Thesis.tex,Against the Extinction Thesis:\ Intelligence as an Integrative Ecological Operator\ A Systematic Re…,6236,10,1.6,10,0.0,0,0,0,0,0,0,0
antivenom,Aspirational Exhaust.tex,Aspirational Exhaust: Semantic Entropy and the Collapse of Identity on Engagement-Optimized Platfor…,1277,0,0.0,0,0.0,0,0,0,0,0,0,0
antivenom,Monetizing Uncertainty.tex,Monetizing Uncertainty: Institutional Foreseeability and the Political Economy of Platform Fraud,5101,28,5.49,25,0.0,0,0,0,0,0,0,10
antivenom,essay/admissibility_groupoids.tex,Admissibility and the Structure of Physical Symmetry: From Groups to Groupoids,6299,18,2.86,15,0.0,0,0,0,0,0,0,0
antivenom,managed_self.tex,managed_self.tex,16291,24,1.47,39,0.0,0,0,0,0,0,0,24
antivenom,rhetoric/epistemic-transport.tex,"Epistemic Transport and Its Failure: Fragmentation, Migration, and the Loss of Common Epistemic Aut…",4209,23,5.46,19,0.0,0,0,0,0,0,0,1
kitbash,cognitive-dynamics/amplitwist-essay.tex,The Amplitwist [0.35em] A Tempered Account,13033,15,1.15,14,0.0,0,0,0,0,0,0,0
kitbash,cognitive-dynamics/safe-mode.tex,Safe Mode: Security Vocabulary and the Platforms That Execute Belief,4434,14,3.16,12,0.0,0,0,0,0,0,0,0
kitbash,paperbot/parliament_hydra.tex,Parliament on a Plenum [0.4em] Augmenting Paperbot Parliament with HYDRA Architecture,4280,5,1.17,9,0.0,0,0,0,0,0,0,5
kitbash,processing/Draft 1.tex,"The Politics of Oracle-Free Evaluation: Constraint, Generativity, and the Problem of Validation",3479,7,2.01,30,0.0,0,0,0,0,0,0,29
research-projects,Spectacle Runtime.tex,Spectacle Runtime and the Compression of Meaning Temporal Form Social Media and the Reformatting of…,7222,44,6.09,34,0.0,0,0,0,0,0,0,1
research-projects,analysis/github_activity.tex,Preliminary Analysis of Developer Activity and Language Ecosystems in a Large GitHub Follow Network,1486,0,0.0,0,0.0,0,0,0,0,0,0,0
research-projects,ellul-intro.tex,The Technological Society as a Pop-Optimizing Regime: Ellul's Structural Thesis and the Playcosm Br…,863,0,0.0,6,0.0,0,0,0,0,0,0,6
research-projects,framework/certified-chance.tex,"Certified Chance [4pt] What a Physical Entropy Source Has to Prove, and to Whom",2351,18,7.66,10,0.0,0,0,0,0,0,0,0
research-projects,framework/chips-that-route-chips.tex,"Chips That Route Chips [4pt] Lineage, Self-Application, and Tools That Help Make Their Successors",2314,12,5.19,11,0.0,0,0,0,0,0,0,0
research-projects,unsorted/holocoordinate-systems.tex,"Holocoordinate Systems: Multidifference Observation, Transition Structure, and Residual Growth in E…",4263,8,1.88,7,0.0,0,0,0,0,0,0,0
research-projects,unsorted/unchosen-adjacency-source/unchosen-adjacency.tex,The Unchosen Adjacency,8279,34,4.11,21,0.0,0,0,0,0,0,0,0
