kind,repository,document,title,source_path,line,words,citations,citations_per_1k,bibliography_entries,finding
markers,alphabet,economics/Scalar-Extraction-v02.tex,"Scalar Extraction in Platform Capitalism: A Field-Theoretic, Economic, and Algorithmic Theory of Ex…",economics/Scalar-Extraction-v02.tex,203,1651,0,0.0,6,Placeholder: Potential field diagram of visibility well formation
markers,spherepop,Spherepop_Specifications.tex,Spherepop: A Language for Geometric Computation Unified Specification,Spherepop_Specifications.tex,281,3889,0,0.0,0,"Everything in this section is sugar. None of the operators below — $\Sphere$, application-$\Pop$ (in its \emph{term-calculus} sense, as opposed to the primitiv…"
markers,arabic-flashcards,monograph.tex,The Ontology of Self-Organizing Forms: A Unified Variational Field Theory of Structure and Identity,monograph.tex,1150,10083,0,0.0,22,"The functional aspect of a self-organizing system arises from the internal generative model \(q(\eta \mid \theta)\), the predictive lamphrodyne operator \(\mat…"
markers,8b-is:8b-public-documents,framework/admissibility_principle.tex,admissibility_principle.tex,framework/admissibility_principle.tex,2897,18228,0,0.0,0,given; full citation to be completed.]
markers,antivenom,Authoritative History.tex,Authoritative History and the Limits of Autoregressive Intelligence,Authoritative History.tex,1333,10858,0,0.0,31,Repair proceeds by proposing alternative events that satisfy the same contextual role while respecting the invariant constraints. The plural verb form \emph{ar…
markers,alphabet,Abstraction as Reduction.tex,"Abstraction as Reduction: A Unified Account of Evaluation, Structure, and Proof",Abstraction as Reduction.tex,4161,32013,5,0.16,0,\section{Chapter XXX: Spherepop Implementation of Semantic DAGs —
markers,alphabet,Abstraction as Reduction.tex,"Abstraction as Reduction: A Unified Account of Evaluation, Structure, and Proof",Abstraction as Reduction.tex,4170,32013,5,0.16,0,\subsection{XXX.1 Recap: Racket Semantic DAG}
markers,alphabet,Abstraction as Reduction.tex,"Abstraction as Reduction: A Unified Account of Evaluation, Structure, and Proof",Abstraction as Reduction.tex,4224,32013,5,0.16,0,\subsection{XXX.2 Spherepop Primitives for Semantic Geometry}
markers,alphabet,Abstraction as Reduction.tex,"Abstraction as Reduction: A Unified Account of Evaluation, Structure, and Proof",Abstraction as Reduction.tex,4261,32013,5,0.16,0,\subsection{XXX.3 Encoding \texttt{semantic-state} as a Spherepop Region}
markers,alphabet,Abstraction as Reduction.tex,"Abstraction as Reduction: A Unified Account of Evaluation, Structure, and Proof",Abstraction as Reduction.tex,4295,32013,5,0.16,0,\subsection{XXX.4 Encoding Linear Layers as Merge--Collapse Patterns}
markers,alphabet,Abstraction as Reduction.tex,"Abstraction as Reduction: A Unified Account of Evaluation, Structure, and Proof",Abstraction as Reduction.tex,4346,32013,5,0.16,0,\subsection{XXX.5 Encoding Nonlinearities as Region Warps}
markers,alphabet,Abstraction as Reduction.tex,"Abstraction as Reduction: A Unified Account of Evaluation, Structure, and Proof",Abstraction as Reduction.tex,4378,32013,5,0.16,0,\subsection{XXX.6 Composing Spherepop Processes as Semantic DAGs}
markers,alphabet,Abstraction as Reduction.tex,"Abstraction as Reduction: A Unified Account of Evaluation, Structure, and Proof",Abstraction as Reduction.tex,4430,32013,5,0.16,0,\subsection{XXX.7 Example: A Concrete 2D Spherepop Network}
markers,alphabet,Abstraction as Reduction.tex,"Abstraction as Reduction: A Unified Account of Evaluation, Structure, and Proof",Abstraction as Reduction.tex,4489,32013,5,0.16,0,\subsection{XXX.8 Semantic Type Theory Meets Spherepop Geometry}
markers,alphabet,Abstraction as Reduction.tex,"Abstraction as Reduction: A Unified Account of Evaluation, Structure, and Proof",Abstraction as Reduction.tex,4619,32013,5,0.16,0,This is precisely the semantic DAG composition rule introduced in Chapter XXX.
markers,alphabet,Abstraction as Reduction.tex,"Abstraction as Reduction: A Unified Account of Evaluation, Structure, and Proof",Abstraction as Reduction.tex,4678,32013,5,0.16,0,This mirrors the collapse used in Chapter XXX to implement linear layers.
markers,laboratory,vim-philosophy/essays/thinking-in-vim/main.tex,Thinking in Vim [0.3em] A Structural Reference to Modal Editing,vim-philosophy/essays/thinking-in-vim/chapters/ch13.tex,34,30218,0,0.0,0,"The pattern-as-address syntax introduced above deserves a second pass, because it is the mechanism behind one of Ex's most useful capabilities: locating and ac…"
markers,laboratory,vim-philosophy/essays/thinking-in-vim/main.tex,Thinking in Vim [0.3em] A Structural Reference to Modal Editing,vim-philosophy/essays/thinking-in-vim/chapters/ch19.tex,12,30218,0,0.0,0,"\texttt{git rebase -i} \textit{commit} opens a considerably more structured buffer: one line per commit being rebased, each beginning with an action word, \tex…"
markers,antivenom,rhetoric/empathic-killing-machines.tex,Empathic Killing Machines,rhetoric/empathic-killing-machines.tex,46,4597,0,0.0,0,"This is the essay's central correction to the transcript's premise. The 2023 outline treats ``empathic AI'' as an unambiguous good whose risks are external, mi…"
markers,alphabet,pipeline/pipeline_specification.tex,"Specification of the Distinction-First Pipeline: Continuation, Accretion, and Externalized Memory i…",pipeline/pipeline_specification.tex,277,7503,0,0.0,0,final section explicitly marked \texttt{TBD}. The draft is instructed
markers,alphabet,screenplay/boundary-papers.tex,boundary-papers.tex,screenplay/boundary-papers.tex,1039,15086,0,0.0,0,\chapter*{Chapter~XXX[0.5em]
markers,alphabet,screenplay/boundary-papers.tex,boundary-papers.tex,screenplay/boundary-papers.tex,1042,15086,0,0.0,0,\addcontentsline{toc}{chapter}{Chapter~XXX: Drafts of Replies}
markers,alphabet,screenplay/the_incoherence/main-v1.tex,main-v1.tex,screenplay/the_incoherence/chapters/inter-de-transmision-spanish.tex,57,14312,0,0.0,0,---No puedo corregir todo ---dijo---. Y no todo necesita ser corregido.
markers,alphabet,screenplay/city_of_brutes.tex,city_of_brutes.tex,screenplay/city_of_brutes.tex,1603,34195,0,0.0,0,A \textsc{Messenger} waits at the chamber's margin for the letters to be completed. His waiting does not produce any acceleration in the completion of the lett…
markers,calculus,baseline/admissibility-essay.tex,admissibility-essay.tex,baseline/admissibility-essay.tex,175,9418,0,0.0,40,"The RSVP framework enters the monograph as a source of formal objects---the scalar potential $\Phi(x,t)$, the lamphrodyne flow $\mathbf{v}(x,t)$, and the confi…"
markers,alphabet,cosmology/main.tex,main.tex,cosmology/part2/introduction.tex,15,26130,33,1.26,41,[To be completed during drafting.]
markers,alphabet,cosmology/main.tex,main.tex,cosmology/part2/introduction.tex,26,26130,33,1.26,41,[To be completed during drafting.]
markers,alphabet,cosmology/main.tex,main.tex,cosmology/part2/introduction.tex,37,26130,33,1.26,41,[To be completed during drafting. See also the Dependency
markers,alphabet,cosmology/main.tex,main.tex,cosmology/part2/introduction.tex,49,26130,33,1.26,41,[To be completed during drafting.]
markers,alphabet,cosmology/main.tex,main.tex,cosmology/part5/introduction.tex,15,26130,33,1.26,41,[To be completed during drafting.]
markers,alphabet,cosmology/main.tex,main.tex,cosmology/part5/introduction.tex,26,26130,33,1.26,41,[To be completed during drafting.]
markers,alphabet,cosmology/main.tex,main.tex,cosmology/part5/introduction.tex,37,26130,33,1.26,41,[To be completed during drafting. See also the Dependency
markers,alphabet,cosmology/main.tex,main.tex,cosmology/part5/introduction.tex,49,26130,33,1.26,41,[To be completed during drafting.]
markers,alphabet,cosmology/main.tex,main.tex,cosmology/part6/introduction.tex,15,26130,33,1.26,41,[To be completed during drafting.]
markers,alphabet,cosmology/main.tex,main.tex,cosmology/part6/introduction.tex,26,26130,33,1.26,41,[To be completed during drafting.]
markers,alphabet,cosmology/main.tex,main.tex,cosmology/part6/introduction.tex,37,26130,33,1.26,41,[To be completed during drafting. See also the Dependency
markers,alphabet,cosmology/main.tex,main.tex,cosmology/part6/introduction.tex,49,26130,33,1.26,41,[To be completed during drafting.]
markers,alphabet,cosmology/main.tex,main.tex,cosmology/part7/introduction.tex,15,26130,33,1.26,41,[To be completed during drafting.]
markers,alphabet,cosmology/main.tex,main.tex,cosmology/part7/introduction.tex,26,26130,33,1.26,41,[To be completed during drafting.]
markers,alphabet,cosmology/main.tex,main.tex,cosmology/part7/introduction.tex,37,26130,33,1.26,41,[To be completed during drafting. See also the Dependency
markers,alphabet,cosmology/main.tex,main.tex,cosmology/part7/introduction.tex,49,26130,33,1.26,41,[To be completed during drafting.]
markers,spherepop,Introducción a Spherepop - v01.tex,Introducción a Spherepop Un cálculo de historia de eventos,Introducción a Spherepop - v01.tex,27,12758,0,0.0,30,"El enfoque propone una forma de mereología constructiva basada en la historia, donde las relaciones parte-todo se forman gradualmente conforme ocurren eventos …"
markers,spherepop,Introducción a Spherepop - v01.tex,Introducción a Spherepop Un cálculo de historia de eventos,Introducción a Spherepop - v01.tex,44,12758,0,0.0,30,Spherepop toma en serio este tipo de ejemplos y los eleva al rango de principio formal. En lugar de preguntar primero qué objetos existen y después cómo intera…
markers,spherepop,Introducción a Spherepop - v01.tex,Introducción a Spherepop Un cálculo de historia de eventos,Introducción a Spherepop - v01.tex,76,12758,0,0.0,30,"Si los eventos irreversibles constituyen el punto de partida de Spherepop, entonces las relaciones parte--todo no pueden entenderse como una inclusión abstract…"
markers,spherepop,Introducción a Spherepop - v01.tex,Introducción a Spherepop Un cálculo de historia de eventos,Introducción a Spherepop - v01.tex,78,12758,0,0.0,30,Para ilustrar esta idea conviene considerar un ejemplo cotidiano. Supóngase la construcción de una casa. La casa no aparece como una totalidad completa desde e…
markers,spherepop,Introducción a Spherepop - v01.tex,Introducción a Spherepop Un cálculo de historia de eventos,Introducción a Spherepop - v01.tex,84,12758,0,0.0,30,Spherepop generaliza esta intuición mediante una mereología basada en eventos. Las relaciones parte--todo se establecen cuando ocurre un evento de incorporació…
markers,spherepop,Introducción a Spherepop - v01.tex,Introducción a Spherepop Un cálculo de historia de eventos,Introducción a Spherepop - v01.tex,102,12758,0,0.0,30,"Desde esta perspectiva, la mereología deja de ser una relación estática y se convierte en una consecuencia acumulativa de eventos. Una entidad \(a\) es parte d…"
markers,spherepop,Introducción a Spherepop - v01.tex,Introducción a Spherepop Un cálculo de historia de eventos,Introducción a Spherepop - v01.tex,140,12758,0,0.0,30,"Una consecuencia importante del enfoque histórico de Spherepop es que el alcance, la dependencia y el orden de evaluación dejan de ser aspectos implícitos del …"
markers,spherepop,Introducción a Spherepop - v01.tex,Introducción a Spherepop Un cálculo de historia de eventos,Introducción a Spherepop - v01.tex,226,12758,0,0.0,30,La relación parte--todo también puede formularse en términos históricos. Decimos que una entidad \(a\) es parte de una entidad \(b\) si el historial de \(a\) e…
markers,spherepop,Introducción a Spherepop - v01.tex,Introducción a Spherepop Un cálculo de historia de eventos,Introducción a Spherepop - v01.tex,270,12758,0,0.0,30,y la relación parte--todo se define por inclusión histórica
markers,spherepop,Introducción a Spherepop - v01.tex,Introducción a Spherepop Un cálculo de historia de eventos,Introducción a Spherepop - v01.tex,368,12758,0,0.0,30,"a partir de la cual emergen las entidades, las relaciones y los ámbitos. Las entidades se identifican con subconjuntos históricos \(H(x)\), las relaciones part…"
markers,spherepop,Introducción a Spherepop - v01.tex,Introducción a Spherepop Un cálculo de historia de eventos,Introducción a Spherepop - v01.tex,611,12758,0,0.0,30,"Este ensayo ha presentado Spherepop como un marco conceptual, visual y formal que comienza con eventos irreversibles en lugar de estados o conjuntos atemporale…"
markers,kitbash,cognitive-dynamics/proof-and-countermodel/main.tex,main.tex,cognitive-dynamics/proof-and-countermodel/chapters/ch04-quantifiers.tex,13,5223,0,0.0,3,"placeholder, scoped entirely to the quantifier that introduces it,"
markers,alphabet,monograph/essay.tex,"Consciousness as Gait: The RSVP--CPG Framework for Cyclical Cognition, Memory, and Sleep",monograph/essay.tex,95,14431,57,3.95,31,"To expand this perspective, we consider the evolutionary advantages of rhythmic cognition and its implications for modern cognitive science."
markers,calculus,constraint_v2.tex,constraint_v2.tex,constraint_v2.tex,680,25434,22,0.86,0,quantities to be written in general form. Once variables enter the
markers,calculus,constraint_v2.tex,constraint_v2.tex,constraint_v2.tex,1425,25434,22,0.86,0,allow systems of equations to be written in a compact and powerful
markers,spherepop,textbook/ecology-of-thought.tex,The Ecology of Thought [0.8em] Environment as a Persistent Computational Structure,textbook/ecology-of-thought.tex,821,30852,0,0.0,35,which maintains the project's state across interruptions. This substrate is not merely auxiliary; it is computationally necessary for the project to be complet…
markers,spherepop,Computation as Semantic Maintenance.tex,"Computation as Semantic Maintenance: Embodied Knowledge, Structural Capability, and the Laws of Dev…",Computation as Semantic Maintenance.tex,280,11727,0,0.0,16,"standards, and modular decompositions allow additional person-bytes to be added"
markers,guardrails,memory/hyperbionic_reading.tex,Hyperbionic Reading: A Visual Projection of Prosodic Parameter Space,memory/hyperbionic_reading.tex,752,15898,5,0.31,8,The formal vector \eqref{eq:Mvec} includes a harmonic coherence component $h$ measuring the degree of periodic regularity in the voiced signal. In the current …
markers,alphabet,pipeline/what-survives-reconstruction.tex,"What Survives Reconstruction [0.4em] Admissibility, Irreversibility, and the Architecture of Extern…",pipeline/what-survives-reconstruction.tex,702,27813,0,0.0,13,"fiber is nontrivial, but \emph{what has to be added to $y$ for the"
markers,computation,abstraction/computacao_alem_dos_dados.tex,"Computação Além dos Dados [0.4em] Restrições, Acessibilidade e Memória como Fundamentos de Sistemas…",abstraction/computacao_alem_dos_dados.tex,90,5262,0,0.0,23,"Todo estudante de Ciência da Computação aprende, cedo, a pensar em"
markers,computation,abstraction/computacao_alem_dos_dados.tex,"Computação Além dos Dados [0.4em] Restrições, Acessibilidade e Memória como Fundamentos de Sistemas…",abstraction/computacao_alem_dos_dados.tex,543,5262,0,0.0,23,\textbf{Monitoramento:} avalia o desempenho do sistema como um todo
markers,library,Constraint Before Optimization.tex,Constraint Before Optimization: Toward a Thermodynamics of Trust and Meaning,Constraint Before Optimization.tex,207,5801,0,0.0,27,"In practical terms, this means that identity persistence, attribution fidelity, and continuity of reference are prerequisites for optimization, not optional fe…"
markers,kitbash,philosophy/thinking-like-rust.tex,Thinking Like Rust,philosophy/thinking-like-rust.tex,987,53547,19,0.35,11,\noindent\textbf{5.9.3} Write a function with a lifetime-annotated signature that returns a reference into one of two input slices depending on a runtime condi…
markers,alphabet,roadmap/flyxion_briefing.tex,"Process, Distinction, and Reachability [0.6em] A Comprehensive Briefing on the Flyxion Research Pro…",roadmap/flyxion_briefing.tex,307,17916,0,0.0,71,Four major tasks remain before the CPR textbook can be considered a complete first draft suitable for external review. The first is bibliography expansion: the…
markers,research-projects,unsorted/epistemology-of-repair.tex,The Epistemology of Repair,unsorted/epistemology-of-repair.tex,104,4861,0,0.0,3,"The clearest illustration is the kind of ordering constraint every long-lived codebase eventually accumulates: initialize this subsystem before that one, or a …"
markers,alphabet,soup/book-latex-source/main.tex,Contradiction and Continuation: [0.3em] A Constraint-Theoretic Derivation of Non-Classical Logic,soup/book-latex-source/parts/part-vi-chapters-20-23.tex,422,20502,12,0.59,8,placeholder for something already decided.
markers,8b-is:8b-public-documents,working/formalism-interface.tex,formalism-interface.tex,working/formalism-interface.tex,262,6271,0,0.0,5,"The manifesto is the last thing to be written. It is the document produced when the audit has run its full course, when the conserved quantities have demonstra…"
markers,kitbash,audio-analysis/main.tex,"Acoustic Occupation [0.6em] Salience, Recovery, and the Temporal Organization of Film Sound",audio-analysis/chapters/09-response.tex,45,15349,35,2.28,28,"Before any response data are examined, the predictions of Chapter~\ref{ch:framework} are to be written down with their direction and the variables that operati…"
markers,alphabet,document/civic_simulator.tex,"Civilizations as Hypotheses Simulation, Repair, and the Architecture of Admissible Futures",document/civic_simulator.tex,334,6476,8,1.24,16,"The civic simulator proposes a different objective function: \emph{admissibility maintenance}. As established in the preceding section, a state is admissible w…"
markers,research-projects,intelligence/semantic-relaxation-networks.tex,semantic-relaxation-networks.tex,intelligence/semantic-relaxation-networks.tex,1337,15833,36,2.27,30,"placeholder, we explicitly stratify $\Rop$ into three functionally"
markers,computation,histories-become-operators.tex,Histories Become Operators: Biological Notes on Retained Admissibility,histories-become-operators.tex,117,5236,26,4.97,13,The causal-emergence result shows a case in which learning-induced revision becomes path-asymmetric: the gain in the network's causal structure survives the er…
